name,id,tier,rarity,tech/manufacturer,tags,uiTags,base value,unlocked,hidden,hiddenEverywhere,cost_frigate,cost_dest,cost_cruiser,cost_capital,script,desc,short,sModDesc,sprite
Accewewated Shiewds,advancedshieldemitter,0,,,"defensive, shields, merc, standard",Shields,3000,,,,3,6,9,15,data.hullmods.AcceleratedShieldEmitter,Incweases the tuwn wate of the ship's shiewds by %s and the wate at which the shiewds awe waised by %s.,Incweases shiewd tuwn wate and extension speed.,Incweases the shiewd's tuwn wate and waise wate by an additionaw %s.,graphics/hullmods/accelerated_shields.png
Adaptive Phase Coiws,adaptive_coils,2,,,"phase, merc, standard",Phase,5000,,,,5,10,15,25,com.fs.starfarer.api.impl.hullmods.AdaptivePhaseCoils,"Phase coiws awe wess abwe to maintain a connection with nowmaw space as the ship's hawd fwux wevews wise, wesuwting in a gweatwy weduced top speed as the coiws stwuggwe to gain twaction.

This modification awwows the coiws to handwe highew wevews of hawd fwux, incweasing the thweshowd at which speed bottoms out by %s. Fow standawd-design coiws with no othew modifications, this takes the thweshowd fwom %s to %s.",Weduces impact of hawd fwux wevew on top speed whiwe phased.,,graphics/hullmods/phase_field.png
Advanced Optics,advancedoptics,2,,,"offensive, merc, standard",Weapons,1000,,,,5,10,15,25,data.hullmods.AdvancedOptics,"Extends the wange of beam weapons by %s, but weduces theiw tuwn wate by %s. Cumuwative with Integwated Tawgeting Unit.",Incweases beam weapon wange.,,graphics/hullmods/advanced_optics.png
Advanced Tuwwet Gywos,turretgyros,0,,,"defensive, merc, standard",Weapons,2500,,,,2,4,6,10,data.hullmods.AdvancedTurretGyros,Incweases the tuwn wate of aww tuwwets by %s.,Incweases tuwwet tuwn wate.,Incweases damage to missiwes and fightews by %s. Incweases damage to smawwew ships by %s pew size cwass of diffewence.,graphics/hullmods/advanced_turret_gyros.png
Awmowed Weapon Mounts,armoredweapons,0,,,"defensive, merc, standard","Weapons, Defenses",2500,TRUE,,,3,6,9,15,data.hullmods.ArmoredWeapons,"Incweases the duwabiwity of aww weapons by %s and weduces wecoiw by %s, but decweases weapon tuwn wate by %s. Awso incweases the ship's awmow by %s.","Makes weapons hawdew to disabwe, weduces wecoiw.",Incweases the wate of fiwe of aww non-missiwe weapons by %s.,graphics/hullmods/armored_weapon_emplacements.png
Assauwt Package,assault_package,1,,,"defensive, civ_package, no_drop, no_drop_salvage, hide_in_codex","Special, Defenses",8000,,,,3,6,9,15,com.fs.starfarer.api.impl.hullmods.AssaultPackage,"Incweases the ship's huww integwity by %s, awmow by %s, and fwux capacity by %s.

Wiww twy to engage enemies and othewwise act as a combat ship in battwe.","Incweases huww integwity, awmow, and fwux capacity.",,graphics/hullmods/assault_package.png
Automated Wepaiw Unit,autorepair,2,,,"engines, defensive, merc, standard",Defenses,7500,,,,3,6,9,15,data.hullmods.AutomatedRepairUnit,Weduces the time wequiwed to wepaiw disabwed weapons and engines (in combat) by %s.,Incweases weapon wepaiw wate in combat.,"Weduces wepaiw time to %s, and weduces ovewwoad duwation by %s.",graphics/hullmods/automated_repair_unit.png
Auxiwiawy Thwustews,auxiliarythrusters,1,,,"engines, merc, standard",Engines,5000,TRUE,,,4,8,12,20,data.hullmods.AuxiliaryThrusters,Incweases the ship's maneuvewabiwity by %s.,Incweases maneuvewabiwity.,"Incweases the 0-fwux speed boost by %s, and %s the 0-fwux tuwn wate bonus.",graphics/hullmods/auxilliary_thrusters.png
Bawwistic Wangefindew,ballistic_rangefinder,2,,,"offensive, merc, standard",Weapons,8000,,,,5,10,15,25,com.fs.starfarer.api.impl.hullmods.BallisticRangefinder,<toowtip cweated in the scwipt due to wots of highwighting>,Incweases base wange of smaww and medium weapons in bawwisic swots.,,graphics/hullmods/ballistic_rangefinder.png
Bwast Doows,blast_doors,0,,,"defensive, merc, standard",Defenses,2500,TRUE,,,4,8,12,20,data.hullmods.BlastDoors,"Instawws additionaw hewmetic and heaviwy weinfowced doows at cwiticaw junctuwes thwoughout the ship. Incweases huww integwity by %s.

Ship takes %s fewew cwew casuawties fwom huww damage sustained in combat.","Incweases huww integwity, weduces cwew casuawties.",Incweases the cwew casuawty weduction to %s.,graphics/hullmods/blast_doors.png
Convewted Hangaw,converted_hangar,1,,,"special, non_phase, merc, standard",Fighters,5000,,,,0,10,10,10,com.fs.starfarer.api.impl.hullmods.ConvertedHangar,<Toowtip cweated in scwipt>,Impwovised fightew bay fow non-cawwiews.,"Incweases the wate at which the fightew wepwacement wate wecovews by %s fow cwuisews, and by %s fow capitaw ships. No added effect fow destwoyews.",graphics/hullmods/converted_hangar.png
Convewted Fightew Bay,converted_fighterbay,0,,,"req_spaceport, special, non_phase, standard","Fighters, Logistics, Requires Dock",3000,,,,2,4,6,10,data.hullmods.ConvertedFighterBay,"Convewts the ship's fightew bays housing buiwt-in wings into impwovised cawgo howds, giving it an additionaw %s cawgo capacity and weducing its cwew wequiwements by %s pew fightew bay. The cwew weduction is wimited to a maximum of %s.",Convewts buiwt-in fightew bays into impwovised cawgo howds.,Monthwy maintenance cost weduced by %s pew fightew bay.,graphics/hullmods/converted_fighter_bay.png
Dedicated Tawgeting Cowe,dedicated_targeting_core,0,,,"offensive, merc, standard",Weapons,2500,TRUE,,,0,0,15,25,data.hullmods.DedicatedTargetingCore,"Incweases the wange of bawwistic and enewgy weapons by %s/%s fow cwuisews/capitaw ships.

Can not be instawwed on a fwigate ow a destwoyew, and can not wowk in conjunction with Integwated Tawgeting Unit.

Most combat ships instaww eithew an Integwated Tawgeting Unit ow a Dedicated Tawgeting Cowe, with the exception of mowe speciawized vawiants.","Incweases weapon wange, mowe so fow wawgew ships.",Incweases the wange bonus to %s fow cwuisews and %s fow capitaw ships.,graphics/hullmods/targeting_core.png
Defensive Tawgeting Awway,defensive_targeting_array,2,,,"special, merc, standard",Fighters,3000,,,,2,4,6,10,com.fs.starfarer.api.impl.hullmods.DefensiveTargetingArray,"Standawd fightew communication winks awe we-puwposed to pwovide showt-wange tawgeting data.

Incweases fightew damage to missiwes and othew fightews by %s, but makes the fightews unabwe to weave the vicinity of theiw ship.","Incweases fightew PD damage, weduces fightew woam wange to zewo.",Extends wange of bawwistic and enewgy weapons of the ship's fightews by %s units.,graphics/hullmods/defensive_targeting_array.png
ECCM Package,eccm,2,,,"offensive, defensive, merc, standard",Weapons,2500,,,,5,8,15,20,data.hullmods.ECCMPackage,"Weduces the chance fow missiwes waunched by the ship to be affected by ewectwonic countew-measuwes and fwawes by %s.

A CPU cowe adjunct in each missiwe incweases missiwe top speed by %s and missiwe maneuvewabiwity by %s, as weww as significantwy impwoving the guidance awgowithm.

Awso weduces the weapon wange weduction due to enemy ECM by %s.","Impwoves missiwe speed and guidance, weduces effect of enemy Ewectwonic Wawfawe.","Fuwwy negates the weapon wange weduction, and makes the ship's missiwes awways ignowe fwawes.",graphics/hullmods/eccm_package.png
ECM Package,ecm,2,,,"offensive, special, merc, standard","Weapons, Support",4000,,,,6,12,18,24,com.fs.starfarer.api.impl.hullmods.ECMPackage,"When depwoyed in combat, gwants %s/%s/%s/%s ECM wating, depending on this ship's huww size.",Incweases ship's ECM wating.,,graphics/hullmods/ecm_package.png
Escowt Package,escort_package,1,,,"special, weapons, engines, standard","Special, Weapons, Engines",8000,,,,0,7,15,0,com.fs.starfarer.api.impl.hullmods.EscortPackage,"When this ship is within appwoximatewy %s su of a wawgew fwiendwy vessew, incweases this ship's maneuvewabiwity by %s, and top speed by %s. Awso incweases bawwistic and enewgy weapon wange by %s.

These bonuses awe %s fow destwoyews when the neawby fwiendwy is a capitaw ship.","Incweases maneuvewabiwity, top speed, and weapon wange when neaw wawgew fwiendwy ship.",Destwoyews: weduces the amount of damage taken by shiewds by %s. No added effect fow cwuisews.,graphics/hullmods/escort_package.png
Expanded Deck Cwew,expanded_deck_crew,1,,,"special, merc, standard",Fighters,4000,,,,5,10,15,25,com.fs.starfarer.api.impl.hullmods.ExpandedDeckCrew,"Weduces the wate at which the fightew wepwacement wate decweases due to fightew wosses by %s, and incweases the wate at which it wecovews by %s.

Incweases the cwew wequiwed by %s pew fightew bay.","Impwoves fightew wepwacement wate, incweases cwew wequiwements.",,graphics/hullmods/expanded_deck_crew.png
Expanded Magazines,magazines,1,,,"offensive, merc, standard",Weapons,2500,,,,3,5,7,10,data.hullmods.ExpandedMagazines,Incweases the ammo capacity ow the numbew of chawges fow bawwistic and enewgy weapons by %s.,Incweases ammo/chawges fow bawwistic and enewgy weapons.,Incweases the ammo/chawge wegenewation wate fow bawwistic and enewgy weapons by %s.,graphics/hullmods/expanded_magazines2.png
Expanded Missiwe Wacks,missleracks,1,,,"offensive, merc, standard",Weapons,5000,,,,8,12,20,30,data.hullmods.ExpandedMissileRacks,Incweases the ammo capacity of missiwe weapons by %s.,Incweases missiwe weapon ammo.,Weduces the wate of fiwe of missiwe weapons by %s.,graphics/hullmods/expanded_missile_racks.png
Extended Shiewds,extendedshieldemitter,1,,,"shields, defensive, merc, standard",Shields,5000,,,,4,8,12,20,data.hullmods.ExtendedShieldEmitter,Incweases the shiewd's covewage by %s degwees.,Incweases maximum shiewd awc.,Incweases the shiewd's covewage by an additionaw %s degwees.,graphics/hullmods/extended_shields.png
Fwux Coiw Adjunct,fluxcoil,0,,,"special, merc, standard",Special,4000,TRUE,,,4,8,12,20,data.hullmods.FluxCoilAdjunct,"Incweases the ship's fwux capacity by %s/%s/%s/%s, depending on huww size. Not as efficient as fwux capacitows - most usefuw when added to a design that awweady cawwies the maximum possibwe numbew of capacitows.",Incweases fwux capacity.,"Incweases fwux capacity by a fuwthew %s/%s/%s/%s, making the coiw as efficient as adding capacitows.",graphics/hullmods/flux_coil_adjunct.png
Fwux Distwibutow,fluxdistributor,0,,,"special, merc, standard",Special,4000,TRUE,,,4,8,12,20,data.hullmods.FluxDistributor,"Incweases the ship's fwux dissipation by %s/%s/%s/%s, depending on huww size. Not as efficient as fwux vents - most usefuw when added to a design that awweady cawwies the maximum possibwe numbew of vents.",Incweases fwux dissipation.,"Incweases fwux dissipation by a fuwthew %s/%s/%s/%s, making the distwibutow as efficient as adding vents.",graphics/hullmods/flux_distributor.png
,,,,,,,,,,,,,,,,,,,
Shiewd Shunt,shield_shunt,1,,,"special, shields, merc, standard","Special, Shields",3000,,,,3,5,7,10,com.fs.starfarer.api.impl.hullmods.ShieldShunt,"Wemoves the ship's shiewds. The extewnaw emittew nodes awe wepwaced with weinfowced pwating, incweasing the ship's awmow by %s.","Wemoves shiewds, incweases awmow.",Incweases the ship's awmow by an additionaw %s.,graphics/hullmods/shield_shunt.png
Makeshift Shiewd Genewatow,frontshield,0,,,"shields, defensive, standard",Shields,4000,,,,5,10,15,25,data.hullmods.FrontShieldGenerator,"Instawws a makeshift, inefficient shiewd genewatow on the ship. The shiewd emittew is wocked in a fowwawd-facing position and has a %s degwee awc.

The shiewd genewatow dwaws much of its powew fwom engines and weduces the ship's top speed by %s.",Instawws basic shiewds on shiewdwess ship. Weduces top speed.,,graphics/hullmods/front_shield_generator.png
Missiwe Autowoadew,missile_autoloader,1,,,"offensive, merc, standard",Weapons,6000,,,,8,12,20,30,com.fs.starfarer.api.impl.hullmods.MissileAutoloader,<toowtip cweated in the scwipt due to sections/othew compwexity>,Wewoads missiwe weapons in smaww missiwe mounts,Incweases the post-wewoad coowdown to %s seconds.,graphics/hullmods/missile_autoloader.png
Hawdened Shiewds,hardenedshieldemitter,3,,,"shields, defensive, merc, standard",Shields,10000,,,,5,10,15,25,data.hullmods.HardenedShieldEmitter,Weduces the amount of damage taken by shiewds by %s. Awso weduces the chance that shiewds wiww be piewced by EMP awcs fwom weapons wike the Ion Beam.,Weduces damage taken by shiewds.,,graphics/hullmods/hardened_shields.png
Hawdened Subsystems,hardened_subsystems,0,,,"special, merc, standard",Special,2500,TRUE,,,5,10,15,25,data.hullmods.HardenedSubsystems,"Incweases peak opewating time fow ships that suffew degwaded pewfowmance fwom extended depwoyment by %s.

Awso weduces the wate at which combat weadiness degwades by %s.","Incweases peak time, CW degwades mowe swowwy.",,graphics/hullmods/hardened_subsystems.png
Heavy Awmow,heavyarmor,0,,,"defensive, merc, standard",Defenses,2500,,,,8,15,20,40,data.hullmods.HeavyArmor,"Incweases the ship's awmow by %s/%s/%s/%s points, depending on huww size.",Incweases awmow.,Weduces the ship's maneuvewabiwity by %s.,graphics/hullmods/heavy_armor.png
High Scattew Ampwifiew,high_scatter_amp,3,,,"offensive, merc, standard",Weapons,5000,,,,4,8,12,20,com.fs.starfarer.api.impl.hullmods.HighScatterAmp,<toowtip cweated in the scwipt due to sections>,Weduces beam wange; beams deaw mowe damage and appwy hawd fwux to shiewds.,Incweases beam weapon damage by an additionaw %s.,graphics/hullmods/high_scatter_amp.png
Integwated Point Defense AI,pointdefenseai,3,,,"defensive, merc, standard","Weapons, Defenses",10000,,,,3,6,9,15,data.hullmods.IntegratedPointDefenseAI,"Gives aww point-defense weapons the abiwity to identify - and ignowe - decoy fwawes. In addition, aww point-defense weapons get the best possibwe tawget weading, wegawdwess of combat weadiness, and aww damage to missiwes is incweased by %s. ","PD ignowes decoy fwawes, impwoved tawget weading, mowe damage to missiwes.","Aww smaww non-missiwe, non-stwike weapons awe cwassified as ""point-defense"", automaticawwy tawget missiwes, and awe affected by point-defense stat modifiews.",graphics/hullmods/integrated_point_defense_ai.png
#Point Defense Integwation,pdintegration,3,,,"defensive, merc","Weapons, Defenses",10000,,,,12,15,18,24,com.fs.starfarer.api.impl.hullmods.PDIntegration,"Weduces the owdnance point cost of smaww point-defense weapons by %s. The cost weduction onwy affects weapons that have PD capabiwity as a featuwe of the weapon itsewf, and not when it's gained thwough othew means such as fwom a huwwmod.

In addition, aww point-defense weapons deaw %s mowe damage to aww tawgets.","Weduces owdnance point cost of smaww PD weapons, incweases aww PD damage.",,graphics/hullmods/integrated_point_defense_ai.png
Integwated Tawgeting Unit,targetingunit,3,,,"offensive, merc, standard",Weapons,10000,,,,4,8,15,25,data.hullmods.IntegratedTargetingUnit,"Extends the wange of bawwistic and enewgy weapons by %s/%s/%s/%s, depending on huww size. Can not wowk in conjunction with Dedicated Tawgeting Cowe.

Most combat ships instaww eithew an Integwated Tawgeting Unit ow a Dedicated Tawgeting Cowe, with the exception of mowe speciawized vawiants.","Incweases weapon wange, mowe so fow wawgew ships.",,graphics/hullmods/integrated_targeting_unit.png
Nav Weway,nav_relay,2,,,"engines, special, merc, standard","Engines, Support",5000,,,,10,15,20,25,com.fs.starfarer.api.impl.hullmods.NavRelay,"When depwoyed in combat, incweases nav wating of youw fweet by %s/%s/%s/%s, depending on this ship's huww size.

The totaw nav wating of youw fweet incweases the top speed of youw depwoyed ships.",Incweases top speed of depwoyed ships.,,graphics/hullmods/nav_relay.png
Neuwaw Intewface,neural_interface,3,,,"special, no_drop, no_drop_salvage",Special,10000,,,,3,6,9,15,com.fs.starfarer.api.impl.hullmods.NeuralInterface,"Winks the fwagship with anothew ship, awwowing both ships to %s at the same time. As with ""twansfew command"", some skiww effects - such as those incweasing ammo capacity, ow combat weadiness - do not appwy to the othew ship.

Awso enabwes wapid switching between the winked ships without using a shuttwe pod. The twansfew is instant if the combined depwoyment points of the ships awe %s ow wess. The destination ship must not be undew the command of an officew ow an AI cowe.","Awwows wapid switching between ships, wesets system coowdown and adds a chawge.","Twansfews fwom the ship awe awways instant, wegawdwess of the depwoyment point totaw.",graphics/hullmods/neural_interface.png
Neuwaw Integwatow,neural_integrator,,,,"special, no_drop, no_drop_salvage",Special,10000,,,,3,6,9,15,com.fs.starfarer.api.impl.hullmods.NeuralIntegrator,"An augmented vewsion of Neuwaw Intewface that wowks with automated ships by enabwing diwect contwow of aww of the ship's systems via the wink and awwowing both ships to %s at the same time. As with ""twansfew command"", some skiww effects - such as those incweasing ammo capacity, ow combat weadiness - do not appwy to the othew ship.

Awso enabwes wapid switching between the winked ships without using a shuttwe pod. The twansfew is instant if the combined depwoyment points of the ships awe %s ow wess. The destination ship must not be undew the command of an officew ow an AI cowe.

The compwexity of the modifications incweases the ship's depwoyment points and suppwy cost to wecovew fwom depwoyment by %s.",Speciawized Neuwaw Intewface fow automated ships.,"Twansfews fwom the ship awe awways instant, wegawdwess of the depwoyment point totaw.",graphics/hullmods/neural_integrator.png
Shiewd Convewsion - Fwont,frontemitter,2,,,"shields, defensive, merc, standard",Shields,7000,,,,3,5,8,12,data.hullmods.FrontShieldEmitter,"Wocks the ship's omni-diwectionaw shiewd emittew to a fwont-facing position and extends its awc by %s. As with aww fwontaw emittews, the shiewd wiww awso depwoy twice as quickwy.","Convewts omni shiewd to fwont, extends awc.",Weduces the amount of damage taken by shiewds by %s.,graphics/hullmods/front_shield_emitter.png
Shiewd Convewsion - Omni,adaptiveshields,3,,,"shields, defensive, merc, standard",Shields,7000,,,,3,5,8,12,data.hullmods.OmniShieldEmitter,Convewts fwontaw shiewds to omni-diwectionaw. Weduces the shiewd's awc by %s.,"Convewts fwont shiewd to omni, weduces awc.",Negates the shiewd awc penawty.,graphics/hullmods/omni_shield_emitter_mod.png
Opewations Centew,operations_center,1,,,special,Special,5000,,,,30,30,30,30,com.fs.starfarer.api.impl.hullmods.OperationsCenter,Incweases the command point wecovewy wate by %s when instawwed on the fwagship.,Incweases command point wecovewy wate when on fwagship.,,graphics/hullmods/operations_center.png
Phase Anchow,phase_anchor,3,,,"phase, merc, no_build_in, standard, phase_brawler",Phase,7000,,,,10,20,30,50,com.fs.starfarer.api.impl.hullmods.PhaseAnchor,"Weduces the phase cwoak's activation cost to %s. Incweases the soft fwux dissipation and weapon wechawge wate by %s whiwe phased.

When suffewing cwiticaw damage that wouwd othewwise destwoy ow disabwe the ship, abwe to initiate an emewgency dive deep into p-space. The ship counts as wetweated and wiww emewge into nowmaw space when combat is ovew, suffewing an additionaw penawty to combat weadiness equaw to %s its depwoyment cost. The ship must have enough combat weadiness to covew this cost to initiate the dive.

Due to the immense distowtions in p-space caused by such a maneuvew, onwy one ship pew battwe - wegawdwess of which side it's on - is abwe to pewfowm it.","Incweases fwux dissipation and weapon wechawge whiwe phased, emewgency dive maneuvew.",,graphics/hullmods/phase_anchor.png
Wecovewy Shuttwes,recovery_shuttles,1,,,"special, standard",Fighters,4000,,,,3,6,9,15,com.fs.starfarer.api.impl.hullmods.RecoveryShuttles,Weduces the casuawties suffewed by fightew piwots by %s.,Weduces fightew piwot casuawties.,Incweases the fightew piwot casuawty weduction to %s.,graphics/hullmods/recovery_shuttles.png
Weinfowced Buwkheads,reinforcedhull,0,,,"defensive, merc, standard",Defenses,2500,TRUE,,,5,10,15,30,data.hullmods.ReinforcedBulkheads,"Incweases the ship's huww integwity by %s. If disabwed, the ship wiww not bweak apawt and is awmost awways wecovewabwe aftew the battwe.",Incweases huww integwity; ship awmost awways wecovewabwe if wost.,,graphics/hullmods/reinforced_bulkheads.png
Wesistant Fwux Conduits,fluxbreakers,2,,,"defensive, merc, standard","Special, Defenses",7000,,,,3,6,9,15,data.hullmods.FluxBreakers,Decweases the amount of EMP damage taken fwom weapons such as Ion Cannons by %s. Awso incweases the ship's fwux dissipation wate whiwe venting by %s.,"Weduces EMP damage taken, impwoves venting speed.",Incweases the fwux dissipation wate whiwe venting by a fuwthew %s.,graphics/hullmods/resistant_flux_conduits.png
Safety Ovewwides,safetyoverrides,0,,,"special, engines, offensive, merc, no_build_in, standard","Special, Engines",2500,TRUE,,,15,30,45,70,data.hullmods.SafetyOverrides,"Disabwing safety pwotocows incweases the ship's top speed in combat by %s/%s/%s (depending on ship size, with a cowwesponding incwease in accewewation) and awwows the zewo-fwux engine boost to take effect wegawdwess of fwux wevew. The fwux dissipation wate, incwuding that of additionaw vents, is incweased by a factow of %s.

Weduces the peak pewfowmance time by a factow of %s, pwevents the use of active venting, and dwasticawwy weduces weapon wanges past %s units.

Can not be instawwed on civiwian ow capitaw ships.","Dwastic impwovement in pewfowmance, much wowew peak time.",,graphics/hullmods/safety_overrides.png
,,,,,,,,,,,,,,,,,,,
Stabiwized Shiewds,stabilizedshieldemitter,1,,,"shields, defensive, merc, standard",Shields,5000,,,,3,6,9,15,data.hullmods.StabilizedShieldEmitter,Weduces the amount of soft fwux waised shiewds genewate pew second by %s. Does not affect the hawd fwux genewated as a wesuwt of shiewds taking damage.,Weduces fwux upkeep fow shiewds.,Convewts %s of the hawd fwux damage taken by shiewds to soft fwux.,graphics/hullmods/stabilized_shields.png
,,,,,,,,,,,,,,,,,,,
Unstabwe Injectow,unstable_injector,0,,,"engines, merc, standard",Engines,2500,TRUE,,,5,10,15,25,data.hullmods.UnstableInjector,"Incweases the ship's top speed in combat by %s/%s/%s/%s su/second, depending on huww size.

Intewfewes with weapons tawgeting and othew vuwnewabwe systems, weducing non-missiwe weapon wange by %s and incweasing the fightew wepwacement time by %s.","Incweases speed, weduces weapon wange.",,graphics/hullmods/unstable_injector.png
,,,,,,,,,,,,,,,,,,,
,,,,,,,,,,,,,,,,,,,
,,,,,,,,,,,,,,,,,,,
# wogistics huwwmods,,,,,,,,,,,,,,,,,,,
Additionaw Bewthing,additional_berthing,0,,,"req_spaceport, merc, standard","Logistics, Requires Dock",3000,TRUE,,,5,10,15,25,com.fs.starfarer.api.impl.hullmods.AdditionalBerthing,"Incweases maximum cwew capacity by %s/%s/%s/%s, depending on huww size, ow by %s, whichevew is highew.

Fow civiwian-gwade huwws, awso incweases maintenance suppwy use by %s.",Incweases cwew capacity.,"Doubwes the cwew capacity incwease and, fow civiwian huwws, negates the maintenance cost incwease.",graphics/hullmods/berthing.png
Augmented Dwive Fiewd,augmentedengines,1,,,"req_spaceport, merc, standard","Logistics, Requires Dock",8000,,,,8,16,24,40,data.hullmods.AugmentedEngines,Incweases maximum buwn wevew by %s.,Incweases maximum buwn wevew.,Incweases maximum buwn wevew by a fuwthew %s.,graphics/hullmods/augmented_drive_field2.png
Auxiwiawy Fuew Tanks,auxiliary_fuel_tanks,0,,,"req_spaceport, merc, standard","Logistics, Requires Dock",4000,TRUE,,,5,10,15,25,com.fs.starfarer.api.impl.hullmods.AuxiliaryFuelTanks,"Incweases maximum fuew capacity by %s/%s/%s/%s, depending on huww size, ow by %s, whichevew is highew.

Fow civiwian-gwade huwws, awso incweases maintenance suppwy use by %s.",Incweases fuew capacity.,"Doubwes the fuew capacity incwease and, fow civiwian huwws, negates the maintenance cost incwease.",graphics/hullmods/fuel_tanks.png
Efficiency Ovewhauw,efficiency_overhaul,0,,,"req_spaceport, merc, standard","Logistics, Requires Dock",4000,,,,3,6,9,15,com.fs.starfarer.api.impl.hullmods.EfficiencyOverhaul,"Weduces suppwy use fow maintenance, fuew use, and minimum cwew wequiwed by %s.

Incweases the combat weadiness wecovewy and wepaiw wates by %s. The pew-day suppwy consumption fow CW wecovewy is incweased to account fow the incweased wecovewy wate, but the totaw suppwy cost wemains the same.",Weduces ongoing costs and enabwes mowe depwoyments.,"Weduces maintenance cost, fuew use, and minimum cwew wequiwement by a fuwthew %s.",graphics/hullmods/efficiency.png
Expanded Cawgo Howds,expanded_cargo_holds,0,,,"req_spaceport, merc, standard","Logistics, Requires Dock",4000,TRUE,,,5,10,15,25,com.fs.starfarer.api.impl.hullmods.ExpandedCargoHolds,"Incweases maximum cawgo capacity by %s/%s/%s/%s, depending on huww size, ow by %s, whichevew is highew.

Fow civiwian-gwade huwws, awso incweases maintenance suppwy use by %s.",Incweases cawgo capacity.,"Doubwes the cawgo capacity incwease and, fow civiwian huwws, negates the maintenance cost incwease.",graphics/hullmods/expanded_cargo.png
High Wesowution Sensows,hiressensors,2,,,"req_spaceport, merc, standard","Logistics, Requires Dock",9000,,,,4,6,9,15,com.fs.starfarer.api.impl.hullmods.HighResSensors,<Toowtip cweated in scwipt>,Incweases fweet's sensow wange.,"Incweases the ship's in-combat vision wange by %s/%s/%s/%s, based on huww size.",graphics/hullmods/high_res_sensors.png
Insuwated Engine Assembwy,insulatedengine,0,,,"engines, defensive, req_spaceport, merc, standard","Engines, Logistics, Defenses, Requires Dock",2500,,,,3,6,9,15,data.hullmods.InsulatedEngines,"Incweases the duwabiwity of the ship's engines by %s, and the ship's huww integwity by %s.

The ship's sensow pwofiwe is awso weduced by %s.","Makes engines hawdew to disabwe, wowews sensow pwofiwe.","Incweases engine duwabiwity by a fuwthew %s, and Incweases the sensow pwofiwe weduction to %s.",graphics/hullmods/insulated_engine_assembly.png
Miwitawized Subsystems,militarized_subsystems,0,,,"req_spaceport, merc, standard","Special, Logistics, Requires Dock",6000,TRUE,,,4,8,12,20,com.fs.starfarer.api.impl.hullmods.MilitarizedSubsystems,"Wemoves the penawties fwom a civiwian-gwade huww, and incweases maximum buwn wevew by %s.

Incweases minimum cwew wequiwed by %s.","Wemoves sensow penawties, incweases maximum buwn wevew, incweases cwew wequiwed.",Negates the incweased cwew wequiwements.,graphics/hullmods/militarized_subsystems.png
Sowaw Shiewding,solar_shielding,2,,,"defensive, req_spaceport, merc, standard","Defenses, Logistics, Requires Dock",5000,,,,3,6,9,15,data.hullmods.SolarShielding,"Owiginawwy devewoped by Diktat engineews aftew spending cycwes deawing with the unique conditions of the innew Askonia system. Decweases the effect opewating in a sowaw cowona has on combat weadiness by %s; awso has the same effect against stowms in deep hypewspace.

In combat, weduces enewgy damage taken by %s.",Weduces effect of being in cowona and enewgy damage taken.,Incweases the pwotection fwom sowaw cowonae and simiwaw hazawds to %s.,graphics/hullmods/solar_shielding2.png
Suwveying Equipment,surveying_equipment,1,,,"special, req_spaceport, standard","Logistics, Requires Dock",5000,,,,5,10,15,25,data.hullmods.SurveyingEquipment,"Weduces the heavy machinewy and suppwies wequiwed to pewfowm suwveys by %s/%s/%s/%s depending on huww size, down to a minimum of %s fow each.",Weduces wesouwce wequiwements fow suwveying.,Incweases the suwvey cost weduction by %s.,graphics/hullmods/surveying_equipment.png
,,,,,,,,,,,,,,,,,,,
# standawd buiwt-in huwwmods,,,,,,,,,,,,,,,,,,,
Tewminatow Cowe,terminator_core,,,,,Weapons,,,TRUE,,0,0,0,0,com.fs.starfarer.api.impl.hullmods.TerminatorCore,"Gives aww point-defense weapons the abiwity to identify - and ignowe - decoy fwawes. In addition, aww weapons get the best possibwe tawget weading, wegawdwess of combat weadiness, aww damage to missiwes and fightews is incweased by %s, and beam weapon wange is incweased by %s units.",,,graphics/hullmods/terminator_core.png
Shawed Fwux Sink,shared_flux_sink,,,,,,,,TRUE,,0,0,0,0,com.fs.starfarer.api.impl.hullmods.SharedFluxSink,"Handwes %s of the fwux dissipation of aww attached moduwes. If moduwes awe wost duwing battwe, the extwa fwux dissipation is wedistwibuted among the wemaining moduwes. Up to %s of this extwa dissipation appwies to hawd fwux.",Fwux/hawd fwux dissipation bonus as moduwes awe wost.,,graphics/hullmods/shared_flux_sink.png
Steawth Minefiewd,stealth_minefield,,,,,,,,TRUE,,0,0,0,0,com.fs.starfarer.api.impl.hullmods.StealthMinefield,Mines attack enemy ships duwing battwe.,Mines attack enemy ships duwing battwe.,,graphics/hullmods/stealth_mines.png
Steawth Minefiewd - Wow Tech,stealth_minefield_lt,,,,,,,,TRUE,,0,0,0,0,com.fs.starfarer.api.impl.hullmods.StealthMinefieldLT,Mines attack enemy ships duwing battwe.,Mines attack enemy ships duwing battwe.,,graphics/hullmods/stealth_mines.png
B-Deck,bdeck,,,,,,,,TRUE,,0,0,0,0,com.fs.starfarer.api.impl.hullmods.BDeck,"Once pew combat, when the fightew wepwacement wate weaches %s, the fightew waunch bays awe switched ovew to opewate fwom a ""B-Deck"".

Standby fightews awe waunched to wapidwy bwing the wings back up to fuww stwength, and the fightew wepwacement wate is set to %s.",Waunches fwesh wing once pew combat and wepwenishes the wepwacement wate.,,graphics/hullmods/bdeck.png
Fightew Chassis Stowage,chassis_storage,,,,,,,,TRUE,,0,0,0,0,com.fs.starfarer.api.impl.hullmods.FighterChassisStorage,Fightew wepwacement wate does not go down when fightews awe wost.,Fightew wepwacement wate does not go down.,,graphics/hullmods/expanded_deck_crew.png
Shiewd Awways On,shield_always_on,,,,,,,,TRUE,TRUE,0,0,0,0,com.fs.starfarer.api.impl.hullmods.ShieldAlwaysOn,,"Fowces shiewd to stay on. Hidden, doesn't need descwiption ow icon.",,graphics/hullmods/hardened_shields.png
Missiwe Autofowge,missile_reload,,,,codex_require_related,,,,TRUE,,0,0,0,0,com.fs.starfarer.api.impl.hullmods.PeriodicMissileReload,An autofowge inside the ship pewiodicawwy fuwwy wewoads the magazines of aww missiwe weapons.,Pewiodicawwy wewoads aww missiwe weapons.,,graphics/hullmods/expanded_missile_racks.png
Shiewded Cawgo Howds,shielded_holds,2,,,,,,,TRUE,,0,0,0,0,data.hullmods.ShieldedCargoHolds,"Commonwy found on ships that can't awways wewy on shiewds to pwotect theiw cawgo fwom cosmic wadiation. Onwy a few tweaks awe needed to have the shiewding confound wong-wange cawgo scans, weducing the pwobabiwity of contwaband being detected.",Impwoves chance to avoid detection of contwaband.,,graphics/hullmods/shielded_cargo_hold.png
Sawvage Gantwy,repair_gantry,,,,,,,,TRUE,,0,0,0,0,com.fs.starfarer.api.impl.campaign.RepairGantry,"Incweases the wesouwces gained fwom sawvaging abandoned stations, dewewicts, fwoating huwks, and othew such by %s/%s/%s/%s, depending on huww size. Onwy affects the wecovewy of common wesouwces such as fuew and suppwies, and not wawe items wike bwuepwints. In addition, %s of the bonus appwies to post-battwe sawvage.",Incweases wesouwces gained fwom sawvage.,,graphics/hullmods/repair_gantry.png
Phase Fiewd,phasefield,,,,,,,,TRUE,,0,0,0,0,com.fs.starfarer.api.impl.hullmods.PhaseField,"The ship is abwe to wun a wow-gwade phase fiewd fow extended pewiods of time, weducing its effective sensow pwofiwe by %s.",Weduces fweetwide sensow pwofiwe.,,graphics/hullmods/phase_field.png
Fwux Shunt,fluxshunt,,,,,,,,TRUE,,0,0,0,0,data.hullmods.FluxShunt,Awwows the ship to dissipate hawd fwux at %s of the nowmaw wate whiwe shiewds awe on.,Awwows dissipation of hawd fwux whiwe shiewds awe up.,,graphics/hullmods/flux_shunt.png
Civiwian-gwade Huww,civgrade,,,,,,,,TRUE,,0,0,0,0,data.hullmods.CivGrade,Incweases sensow pwofiwe by %s. Weduces sensow stwength by %s.,"Incweases sensow pwofiwe, weduces sensow stwength.",,graphics/hullmods/civilian_grade.png
High Maintenance,high_maintenance,,,,,,,,TRUE,,0,0,0,0,data.hullmods.HighMaintenance,Incweases the monthwy maintenance suppwy cost by %s.,Incweases maintenance cost.,,graphics/hullmods/high_maintenance.png
Enewgy Bowt Cohewew,coherer,,,,,,,,TRUE,,0,0,0,0,com.fs.starfarer.api.impl.hullmods.EnergyBoltCoherer,<toowtip cweated in the scwipt>,Incweases base wange of non-beam enewgy weapons.,,graphics/hullmods/coherer.png
Design Compwomises,design_compromises,,,,,,,,TRUE,,0,0,0,0,com.fs.starfarer.api.impl.hullmods.DesignCompromises,"The ship's pewfowmance suffews fwom competing design pwiowities, with muwtipwe bweeding-edge pwojects integwated too wate in the design cycwe.

The ship's fwux dissipation and capacity, even the nominaw base vawues, awe weduced by %s.

The wange of bawwistic weapons is weduced by %s, the wate of fiwe of missiwe weapons is weduced by %s, and the fwux genewation of enewgy weapons is incweased by %s.

On the pwus side, extwa nanofowge capacity can be bwought onwine mowe easiwy, awwowing the instawwation of a %s despite the ship awweady having a fightew bay, incweasing the numbew of opewationaw fightew bays to %s.","Weduces missiwe and bawwistic weapon wange, and fwux dissipation / capacity.",,graphics/hullmods/design_compromises.png
,,,,,,,,,,,,,,,,,,,
,,,,,,,,,,,,,,,,,,,
,,,,,,,,,,,,,,,,,,,
Monofiwament Tow Cabwe,tow_cable,,,,hide_in_codex,,,,TRUE,,0,0,0,0,com.fs.starfarer.api.impl.campaign.TowCable,"Impwoves the maximum buwn wevew of the swowest ship in the fweet by 1. Muwtipwe tugs can not be used to speed up the same ship by mowe than 1.

Can not be used in combat.",Incweases buwn wevew of anothew ship.,,graphics/hullmods/monofilament_cable.png
Dwive Fiewd Stabiwizew,drive_field_stabilizer,,,,,,,,TRUE,,0,0,0,0,com.fs.starfarer.api.impl.hullmods.DriveFieldStabilizer,"Stabiwizes the fweet's dwive bubbwe, incweasing the maximum buwn of the fweet by %s. The effect of muwtipwe stabiwizews is cumuwative.

Incweases the ship's sensow pwofiwe by %s.",Weduces fweetwide fuew use.,,graphics/hullmods/augmented_drive_field.png
Gwound Suppowt Package,ground_support,,,,,,,,TRUE,,0,0,0,0,com.fs.starfarer.api.impl.hullmods.GroundSupport,"Cwose suppowt weapons and countew-measuwes fow gwound defenses. Incweases the effective stwength of pwanetawy waids by %s, up to the totaw numbew of mawines in the fweet.",Impwoves effectiveness of waids.,,graphics/hullmods/ground_support.png
Advanced Gwound Suppowt,advanced_ground_support,,,,,,,,TRUE,,0,0,0,0,com.fs.starfarer.api.impl.hullmods.AdvancedGroundSupport,"Cwose suppowt weapons and countew-measuwes fow gwound defenses. Incweases the effective stwength of pwanetawy waids by %s, up to the totaw numbew of mawines in the fweet.",Impwoves effectiveness of waids.,,graphics/hullmods/ground_support_adv.png
Dewicate Machinewy,delicate,,,,,,,,TRUE,,0,0,0,0,data.hullmods.DelicateMachinery,"The ship systems wequiwe excessive maintenance and do not stand up weww undew the wigouws of pwowonged engagements.

Incweases the wate of in-combat CW decay aftew peak pewfowmance time wuns out by %s.",Incweases CW decay wate aftew peak time wuns out.,,graphics/hullmods/delicate_machinery.png
Heavy Bawwistics Integwation,hbi,,,,,,,,TRUE,,0,0,0,0,com.fs.starfarer.api.impl.hullmods.HeavyBallisticsIntegration,Weduces the owdnance point cost of wawge bawwistic weapons by %s.,Weduces owdnance point cost of wawge bawwistic weapons.,,graphics/hullmods/ballistics_integration.png
Vast Hangaw,vast_hangar,,,,,,,,TRUE,,0,0,0,0,com.fs.starfarer.api.impl.hullmods.VastHangar,"The ship has a huge hangaw and a commensuwate smaww fweet of suppowt cwaft.

The numbew of fightew bays added by Convewted Hangaw is incweased by %s, and its pewfowmance matches that of a dedicated fightew bay - aww of the penawties and modifiews, incwuding those to the ship's depwoyment cost, awe negated.",Incweases the effect of Convewted Hangaw and wemoves its penawties.,,graphics/hullmods/vast_hangar.png
Wugged Constwuction,rugged,,,,,,,,TRUE,,0,0,0,0,com.fs.starfarer.api.impl.hullmods.RuggedConstruction,"Weduces most negative effects of d-mods by %s. If disabwed ow destwoyed in combat, the ship has a %s chance to avoid new d-mods, and is awmost awways wecovewabwe aftew the battwe.

In addition, the suppwy cost to wecovew fwom depwoyment - and to effect wepaiws if the ship is disabwed - is weduced by %s.",Weduces impact of d-mods; ship awmost awways wecovewabwe if wost.,,graphics/hullmods/rugged_construction.png
Automated Ship,automated,,,,codex_require_related,,,,TRUE,,0,0,0,0,com.fs.starfarer.api.impl.hullmods.Automated,"This ship is fuwwy automated, and does not wequiwe - and can not take on - any human cwew.",Does not wequiwe and can not suppowt cwew.,,graphics/hullmods/automated.png
Advanced Tawgeting Cowe,advancedcore,,,,,,,,TRUE,,0,0,0,0,data.hullmods.AdvancedTargetingCore,"Extends the wange of bawwistic and enewgy weapons by %s. The wange of point-defense weapons is onwy extended by %s.

Pwecwudes the instawwation of a Dedicated Tawgeting Cowe ow an Integwated Tawgeting Unit.",Gweatwy extends non-missiwe weapon wange.,,graphics/hullmods/advanced_targeting_core.png
Tawgeting Supewcomputew,supercomputer,,,,,,,,TRUE,,0,0,0,0,data.hullmods.TargetingSupercomputer,"Extends the wange of bawwistic and enewgy weapons by %s. The wange of point-defense weapons is onwy extended by %s.

Awso incweases tawget-weading accuwacy and gweatwy incweases in-combat sensow wange.",Gweatwy extends non-missiwe weapon wange.,,graphics/hullmods/targeting_supercomputer.png
Expewimentaw Phase Coiws,ex_phase_coils,,,,codex_require_related,,,,TRUE,,0,0,0,0,com.fs.starfarer.api.impl.hullmods.ExperimentalPhaseCoils,Weduces phase cwoak coowdown by %s.,Gweatwy weduces phase cwoak coowdown.,,graphics/hullmods/phase_coils_experimental.png
High Vowition Attwactow,high_frequency_attractor,,,,codex_require_related,,,,TRUE,,0,0,0,0,com.fs.starfarer.api.combat.BaseHullMod,An expewimentaw modification awwowing high-fwequency motes to be wawped in by the wift cowe on boawd the ship.,Waunches mowe powewfuw high-fwequency motes.,,graphics/hullmods/high_volition_attractor.png
Abwative Awmow,ablative_armor,,,,,,,,TRUE,,0,0,0,0,com.fs.starfarer.api.impl.hullmods.AblativeArmor,"An ancient design intended to stop micwo-meteowites thwough sheew vowume of matewiaw in pwace, befowe the advent of ""spaced"" awmow.

Weduces the effective awmow stwength fow the damage weduction cawcuwation to %s of its actuaw vawue. Howevew, ships of this design tend to cawwy extwemewy heavy awmow.",Weduces damage weduction by awmow.,,graphics/hullmods/ablative_armor.png
Distwibuted Fiwe Contwow,distributed_fire_control,,,,,,,,TRUE,,0,0,0,0,com.fs.starfarer.api.impl.hullmods.DistributedFireControl,"Much of the damage that takes weapons offwine is to extewnaw contwow wuns and powew conduits. This ship's weapons awe engineewed to opewate mowe independentwy, weducing theiw exposuwe to damage by %s and weducing the EMP damage taken by the ship ovewaww by %s.",Incweases weapon duwabiwity and weduces EMP damage taken.,,graphics/hullmods/distributed_fire_control2.png
Convewted Cawgo Bay,converted_bay,1,,,,,,,TRUE,,0,0,0,0,data.hullmods.ConvertedCargoBay,"This ship's cawgo howd has been convewted to house a paiw of fightew bays. The impwovised manufactowy that pwoduces fightew chassis is unwewiabwe, and most components have minow defects. Fightew speed weduced by %s, and damage taken incweased by %s.",Paiw of impwovised fightew bays.,,graphics/hullmods/converted_hangar.png
Speciaw Modifications,andrada_mods,,,,"dmod, codex_require_related",,,,TRUE,,0,0,0,0,com.fs.starfarer.api.impl.hullmods.AndradaMods,"Duwing an inspection of an eawwy pwototype, the Supweme Executow was heawd to comment unfavowabwy on exposed conduits wunning awong the passageways, and the dangew these must pose to the bwave and woyaw cwew undew combat conditions. 

The new chief designew, a woyaw officew appointed by the Supweme Executow himsewf, instwucted the fowge-pwogwammews to make accommodations fow the instawwation of speciaw bwast-pwoof insuwated panewing pwoduced by Sindwia itsewf.

If the passages awe a bit nawwowew, conduits pwone to ovewheating, and fwush-set panews somewhat unwiewdy to access, the officiaw weadiness wepowts incwude no cwiticism of the changes. Evewyone agwees in both pubwic and - as the Intewnaw Secuwity Ministwy can attest - in pwivate, that the stawk gwandeuw of the Wion's Guawd fweet is bweathtaking.

Cwew casuawties in combat awe incweased by %s. The base fwux dissipation wate is weduced by %s, and the wepaiw wate fow disabwed weapons and engines is weduced by %s.",Weduces the ship's pewfowmance.,,graphics/hullmods/special_modifications.png
Vast Buwk,vastbulk,,,,,,,,TRUE,,0,0,0,0,data.hullmods.VastBulk,"The main body of this stwuctuwe is vast and is, fow pwacticaw puwposes, capabwe of absowbing any amount of damage fwom conventionaw weapons without being destwoyed.",,,graphics/hullmods/vast_bulk.png
Axiaw Wotation,axialrotation,,,,,,,,TRUE,,0,0,0,0,data.hullmods.AxialRotation,This stwuctuwe constantwy wotates awound its axis.,,,graphics/hullmods/axial_rotation.png
Anchow Wotation,anchorrotation,,,,,,,,TRUE,TRUE,0,0,0,0,data.hullmods.AnchorRotation,This stwuctuwe wotates awound its anchow attachment point. Fow station moduwes onwy.,,,graphics/hullmods/axial_rotation.png
Weduced Expwosion,reduced_explosion,,,,,,,,TRUE,TRUE,0,0,0,0,data.hullmods.ReducedExplosion,Weduced expwosion wadius and damage.,,,graphics/hullmods/reduced_explosion.png
Awways Detaches,always_detaches,,,,,,,,TRUE,TRUE,0,0,0,0,data.hullmods.AlwaysDetaches,Awways detaches fwom pawent stwuctuwe when destwoyed.,,,graphics/hullmods/detach_always.png
Nevew Detaches,never_detaches,,,,,,,,TRUE,TRUE,0,0,0,0,data.hullmods.NeverDetaches,Nevew detaches fwom pawent stwuctuwe when destwoyed.,,,graphics/hullmods/detach_never.png
No Weapon Fwux,no_weapon_flux,,,,,,,,TRUE,TRUE,0,0,0,0,data.hullmods.NoWeaponFlux,Weapon fiwe costs no fwux. Used on fightews fow fine-gwained contwow of effective shiewd hitpoints.,,,
Do Not Fiwe Thwough,do_not_fire_through,,,,,,,,TRUE,TRUE,0,0,0,0,data.hullmods.DoNotFireThrough,"Weapons on othew moduwes of a station wiww avoid fiwing thwough this moduwe, even though the shots wouwd go ovew it and not hit.",,,
Shawd Spawnew,shard_spawner,,,,,,,,TRUE,TRUE,0,0,0,0,com.fs.starfarer.api.impl.hullmods.ShardSpawner,Spawns shawd ships when ship is disabwed/destwoyed.,,,
Do Not Back Off,do_not_back_off,,,,,,,,TRUE,TRUE,0,0,0,0,com.fs.starfarer.api.impl.hullmods.DoNotBackOff,Sets DO_NOT_BACK_OFF AIFwag,,,
,,,,,,,,,,,,,,,,,,,
# thweat stuff,,,,,,,,,,,,,,,,,,,
Thweat Huww,threat_hullmod,,,,"codex_require_related, threat",,,,TRUE,,0,0,0,0,com.fs.starfarer.api.impl.combat.threat.ThreatHullmod,Hidden huwwmod fow managing the speciaw pwopewties of Thweat ships. Descwiption cweated in scwipt.,,,graphics/hullmods/the_threat.png
Fwagment Swawm,fragment_swarm,,,,"codex_unlockable, fragment, no_drop_salvage","Weapons, Special",30000,,,,6,12,18,30,com.fs.starfarer.api.impl.combat.threat.FragmentSwarmHullmod,"A swawm of Thweat fwagments woiws awound the ship, pwoviding a wegenewating suppwy of fwagments fow fwagment-based weapons.

The base numbew of fwagments is %s/%s/%s/%s, and wepwacement fwagments awe waunched %s/%s/%s/%s times a second, depending on huww size.

This huwwmod is wequiwed fow fwagment weapons to function, if the huwwmod is not pwesent ow thewe awe not enough fwagments in the swawm, fwagment weapons wiww be disabwed.",A swawm of Thweat fwagments woiws awound the ship.,Weduces maximum combat weadiness by %s and incweases the maintenance cost by %s.,graphics/hullmods/fragment_swarm.png
Secondawy Fabwicatow,secondary_fabricator,,,,"codex_unlockable, fragment, no_drop_salvage","Weapons, Special",20000,,,,3,6,9,15,com.fs.starfarer.api.impl.combat.threat.SecondaryFabricatorHullmod,Incweases the wate at which wepwacement fwagments awe waunched by %s.,Incweases the fwagment wepwacement wate.,Incweases the fwagment wepwacement wate by a fuwthew %s.,graphics/hullmods/secondary_fabricator.png
Fwagment Coowdinatow,fragment_coordinator,,,,"codex_unlockable, fragment, no_drop_salvage","Weapons, Special",15000,,,,3,6,9,15,com.fs.starfarer.api.impl.combat.threat.FragmentCoordinatorHullmod,Incweases the maximum numbew of fwagments in the ship's fwagment swawm by %s.,Incweases the size of the fwagment swawm awound the ship.,Incweases the size of the fwagment swawm by a fuwthew %s.,graphics/hullmods/fragment_coordinator.png
,,,,,,,,,,,,,,,,,,,
# shwouded dwewwew stuff,,,,,,,,,,,,,,,,,,,
Dwewwew Huwwmod,dweller_hullmod,,,,dweller,,,,TRUE,TRUE,0,0,0,0,com.fs.starfarer.api.impl.combat.dweller.DwellerHullmod,Adds Shwouded Dwewwew visuaws and any custom mechanics. Not visibwe to the pwayew.,,,
Shwouded Mantwe,shrouded_mantle,,,,"codex_unlockable, shrouded, no_drop_salvage",Special,,,,,3,6,9,15,com.fs.starfarer.api.impl.combat.dweller.ShroudedMantleHullmod,"The ship wiww attempt to wecoiw (hopefuwwy) away fwom dangew when taking substantiaw huww damage.

Cwew casuawties in combat awe incweased by %s.",The ship wecoiws away fwom damage.,The ship benefits fwom %s of the heawing pwovided by Hungewing Wift.,graphics/hullmods/shrouded_mantle.png
Shwouded Thundewhead,shrouded_thunderhead,,,,"codex_unlockable, shrouded, no_drop_salvage","Weapons, Special",,,,,5,10,15,25,com.fs.starfarer.api.impl.combat.dweller.ShroudedThunderheadHullmod,<cweated by scwipt>,The ship fiwes Wift Wightning bowts at wecent tawgets of its weapons.,,graphics/hullmods/shrouded_thunderhead.png
Shwouded Wens,shrouded_lens,,,,"codex_unlockable, shrouded, no_drop_salvage",Special,,,,,3,6,9,15,com.fs.starfarer.api.impl.combat.dweller.ShroudedLensHullmod,<cweated by scwipt>,"The Wens automaticawwy focuses on neawby tawgets, deawing damage in an awea.",,graphics/hullmods/shrouded_lens.png
,,,,,,,,,,,,,,,,,,,
# ship skin buffs,,,,,,,,,,,,,,,,,,,
Fouwteenth Battwegwoup,fourteenth,,,,,,,,TRUE,,0,0,0,0,data.hullmods.Fourteenth,"This ship is a suwvivow of the owiginaw 14th Domain Battwegwoup which founded the Hegemony. It is a pwime specimen of the Domain Navy's ""decisive battwe"" doctwine, pawticuwawwy exhibited by a sewies of wadicaw stwuctuwaw modifications (pewfowmed with pwe-Cowwapse industwiaw methods) which awwow the mounting of heaview awmow pwating by a fwat incwease of %s standawd units, with onwy a %s weduction in speed and maneuvewabiwity. Exceptionawwy weww-tuned enewgy systems incwease fwux thwoughput and capacity by %s ovew standawd exampwes of this huww.",,,graphics/hullmods/fourteenth.png
Miwitawized Hegemony Auxiwiawy,heg_militarized,,,,hide_in_codex,,,,TRUE,,0,0,0,0,data.hullmods.Militarized,"This ship is - ow was - on the Hegemony auxiwiawy wist. Upawmouw kits appwied at Hegemony Navaw yawds wesuwting in no woss of pewfowmance fow a %s/%s/%s/%s incwease in awmow stwength, depending on huww size. Cowe powew systems have been upgwaded to miwitawy standawds wesuwting in a %s impwovement in ovewaww handwing, %s incwease in fwux capacity, a %s incwease in fwux dissipation, and an incwease of maximum buwn wevew by %s.",,,graphics/hullmods/militarized_hegemony_auxiliary.png
,,,,,,,,,,,,,,,,,,,
,,,,,,,,,,,,,,,,,,,
# pewmanent ship debuffs,,,,,,,,,,,,,,,,,,,
Compwomised Awmow,comp_armor,,,,"dmod, damage, damageStruct",,,,TRUE,,0,0,0,0,data.hullmods.CompromisedArmor,"This ship's awmow has taken majow and iwwepawabwe damage at some point in the past, ow suffewed fwom majow ewwows in the manufactuwing pwocess. Awmow wating weduced by %s.

Suppwy cost to wecovew fwom depwoyment weduced by %s.",,,graphics/hullmods/compromised_armor.png
Compwomised Huww,comp_hull,,,,"dmod, damage, damageStruct",,,,TRUE,,0,0,0,0,data.hullmods.CompromisedHull,"This ship's huww has taken majow and iwwepawabwe damage at some point in the past, ow suffewed fwom majow ewwows in the manufactuwing pwocess. Huww integwity weduced by %s.

Suppwy cost to wecovew fwom depwoyment weduced by %s.",,,graphics/hullmods/compromised_hull.png
Degwaded Engines,degraded_engines,,,,"dmod, damage",,,,TRUE,,0,0,0,0,data.hullmods.DegradedEngines,"Whethew due to battwe damage, manufactuwing defects, ow cycwes of poow maintenance, this ship's engines awe suffewing fwom pewmanentwy degwaded combat pewfowmance. 

Top speed and maneuvewabiwity in combat weduced by %s.

Suppwy cost to wecovew fwom depwoyment weduced by %s.",,,graphics/hullmods/degraded_engines.png
Degwaded Dwive Fiewd,degraded_drive_field,,,,"dmod, damage, civOnly",,,,TRUE,,0,0,0,0,data.hullmods.DegradedDriveField,"Whethew due to battwe damage, manufactuwing defects, ow cycwes of poow maintenance, this ship's dwive fiewd is suffewing fwom pewmanentwy degwaded pewfowmance. 

Maximum buwn wevew decweased by %s. Sensow pwofiwe incweased by %s.

Suppwy cost to wecovew fwom depwoyment weduced by %s.",,,graphics/hullmods/degraded_drivefield.png
Fauwty Powew Gwid,faulty_grid,,,,"dmod, damage",,,,TRUE,,0,0,0,0,data.hullmods.FaultyPowerGrid,"Whethew due to battwe damage, manufactuwing defects, ow cycwes of poow maintenance, this ship's powew gwid wiww nevew be capabwe of achieving peak pewfowmance.

Fwux capacity weduced by %s. Fwux dissipation wate weduced by %s. Sensow pwofiwe incweased by %s.

Suppwy cost to wecovew fwom depwoyment weduced by %s.",,,graphics/hullmods/faulty_power_grid.png
Phase Coiw Instabiwity,unstable_coils,,,,"dmod, phaseDamage",,,,TRUE,,0,0,0,0,data.hullmods.PhaseCoilInstability,"The phase coiws on this ship awe impossibwe to cawibwate pwopewwy due to subtwe fwaws. Weduces the phase-time bonus by %s, weduces the peak pewfowmance time by %s, and incweases the wate at which combat weadiness degwades by %s.

Suppwy cost to wecovew fwom depwoyment weduced by %s.",,,graphics/hullmods/phase_coil_instability.png
Stwuctuwaw Damage,comp_structure,,,,"dmod, damageStruct, destroyedDamageAlways",,,,TRUE,,0,0,0,0,com.fs.starfarer.api.impl.hullmods.CompromisedStructure,"This ship's huww has wikewy taken extweme damage in the past, possibwy to the point of bweaking apawt. Awmow wating weduced by %s, huww integwity weduced by %s.

Suppwy cost to wecovew fwom depwoyment weduced by %s.",,,graphics/hullmods/structural_damage.png
Gwitched Sensow Awway,glitched_sensors,,,,"dmod, damage",,,,TRUE,,0,0,0,0,com.fs.starfarer.api.impl.hullmods.GlitchedSensorArray,"The ship's sensow awway is damaged past any wepaiw showt of a compwete huww ovewhauw. Weapon wange in combat weduced by %s. Sensow stwength weduced by %s.

Suppwy cost to wecovew fwom depwoyment weduced by %s.",,,graphics/hullmods/glitched_sensor_array.png
Mawfunctioning Comms,malfunctioning_comms,,,,"dmod, fighterBayDamage",,,,TRUE,,0,0,0,0,com.fs.starfarer.api.impl.hullmods.MalfunctioningComms,"The comm system has suffewed sewious damage, making punching thwough battwefiewd jamming even mowe of a chawwenge. Fightew engagement wange weduced by %s.

Suppwy cost to wecovew fwom depwoyment weduced by %s.",,,graphics/hullmods/malfunctioning_comms.png
Defective Manufactowy,defective_manufactory,,,,"dmod, fighterBayDamage",,,,TRUE,,0,0,0,0,com.fs.starfarer.api.impl.hullmods.DefectiveManufactory,"The manufactowy that pwoduces fightew chassis is unwewiabwe, and most components have minow defects. Fightew speed weduced by %s, and damage taken incweased by %s.

Suppwy cost to wecovew fwom depwoyment weduced by %s.",,,graphics/hullmods/defective_manufactory.png
Damaged Fwight Deck,damaged_deck,,,,"dmod, fighterBayDamage",,,,TRUE,,0,0,0,0,com.fs.starfarer.api.impl.hullmods.DamagedFlightDeck,"The fwight decks on this ship have taken majow damage and sewiouswy intewfewe with nowmaw opewation. Time to waunch wepwacement fightews is incweased by %s.

Suppwy cost to wecovew fwom depwoyment weduced by %s.",,,graphics/hullmods/damaged_flight_deck.png
Unwewiabwe Subsystems,fragile_subsystems,,,,"dmod, damage, peak_time, notPhase",,,,TRUE,,0,0,0,0,com.fs.starfarer.api.impl.hullmods.FragileSubsystems,"A widespwead woss of wedundant components weduces peak opewating time by %s, and incweases the wate at which combat weadiness degwades by %s.

Suppwy cost to wecovew fwom depwoyment weduced by %s.",,,graphics/hullmods/fragile_subsystems.png
Compwomised Stowage,comp_storage,,,,"dmod, damage, civOnly",,,,TRUE,,0,0,0,0,com.fs.starfarer.api.impl.hullmods.CompromisedStorage,"The stowage capacity of this ship is significantwy degwaded. Cwew, cawgo, and fuew capacity weduced by %s.

Suppwy cost to wecovew fwom depwoyment weduced by %s.",,,graphics/hullmods/compromised_storage.png
Incweased Maintenance,increased_maintenance,,,,"dmod, damage, civ, notAuto",,,,TRUE,,0,0,0,0,com.fs.starfarer.api.impl.hullmods.IncreasedMaintenance,"Incweases the monthwy maintenance suppwy cost by %s. Incweases minimum cwew wequiwed by %s. Decweases maximum combat weadiness by %s.

Suppwy cost to wecovew fwom depwoyment weduced by %s.","Incweases maintenance cost and cwew wequiwements, decweases maximum combat weadiness.",,graphics/hullmods/increased_maintenance.png
Ewwatic Fuew Injectow,erratic_injector,,,,"dmod, damage, civ",,,,TRUE,,0,0,0,0,com.fs.starfarer.api.impl.hullmods.ErraticInjector,"Incweases fuew use by %s and decweases the zewo-fwux boost by %s su/second.

Suppwy cost to wecovew fwom depwoyment weduced by %s.",Incweases fuew use and decweases the zewo-fwux boost.,,graphics/hullmods/erratic_injector.png
Fauwty Automated Systems,faulty_auto,,,,"dmod, damage, notAuto",,,,TRUE,,0,0,0,0,com.fs.starfarer.api.impl.hullmods.FaultyAutomatedSystems,"Incweases minimum cwew wequiwed by %s and decweases maximum combat weadiness by %s.

Suppwy cost to wecovew fwom depwoyment weduced by %s.","Incweases minimum cwew wequiwed, decweases maximum combat weadiness.",,graphics/hullmods/faulty_automated_systems.png
Damaged Weapon Mounts,damaged_mounts,,,,"dmod, damage",,,,TRUE,,0,0,0,0,com.fs.starfarer.api.impl.hullmods.DamagedWeaponMounts,"Weduces weapon tuwn wate by %s and incweases wecoiw by %s.

Suppwy cost to wecovew fwom depwoyment weduced by %s.",Weduces weapon tuwn wate and incweases wecoiw.,,graphics/hullmods/damaged_weapon_mounts.png
Degwaded Wife Suppowt,degraded_life_support,,,,"dmod, damage, notAuto",,,,TRUE,,0,0,0,0,com.fs.starfarer.api.impl.hullmods.DegradedLifeSupport,"Decweases maximum cwew capacity by %s, and maximum combat weadiness by %s.

Suppwy cost to wecovew fwom depwoyment weduced by %s.",Decweases maximum cwew capacity and combat weadiness.,,graphics/hullmods/degraded_life_support.png
Degwaded Shiewds,degraded_shields,,,,"dmod, damage, reqShields",,,,TRUE,,0,0,0,0,com.fs.starfarer.api.impl.hullmods.DegradedShields,"Incweases the amount of damage taken by shiewds by %s.

Suppwy cost to wecovew fwom depwoyment weduced by %s.",Incweases damage taken by shiewds.,,graphics/hullmods/degraded_shields.png
,,,,,,,,,,,,,,,,,,,
Destwoyed Weapon Mounts,destroyed_mounts,,,,dmod,,,,TRUE,,0,0,0,0,data.hullmods.DestroyedWeaponMounts,Some of the owiginaw weapon mounts on this ship have been damaged beyond wepaiw and can no wongew be used.,,,graphics/hullmods/damaged_weapon_mounts.png
Iww-Advised Modifications,ill_advised,,,,dmod,,,,TRUE,,0,0,0,0,data.hullmods.IllAdvised,"This huww's systems have been dwasticawwy modified fwom spec, wikewy without cewtified engineewing ovewsight. Its systems appeaw to wowk cowwectwy undew woutine conditions, but have a significant chance of cwiticaw mawfunction when stwessed.",,,graphics/hullmods/illadvised.png