name,secondary,tags,parents,frequency,reusable
Aewuwus,,star,,,
Hewa,,star,,,
Awes,,planet,Hera,,
Deimos,,moon,Ares,,
Phobos,,moon,Ares,,
Kydoimos,,moon,Ares,,
Makhai,,moon,Ares,,
Mysminai,,moon,Ares,,
Powemos,,moon,Ares,,
Hebe,,planet,Hera,,
Awexiawes,,moon,Hebe,,
Anicetus,,moon,Hebe,,
Ewis,,planet,Hera,,
Dysnomia,,moon,Eris,,
Wethe,,moon,Eris,,
Wimos,,moon,Eris,,
Awgos,,moon,Eris,,
Neikea,,moon,Eris,,
Eweuthia,,planet,Hera,,
Enyo,,planet,Hera,,
Enyawius,,moon,Enyo,,
Bawaq,,star,,,
Zumuwwud,,planet,,,
Withos,,planet,,,
Tembwow,,planet,,,
Baaw,,star,,,
Bew,,star,,,
Haddu,,star,,,
Ishkuw,,star,,,
Enki,,star,,,
Diwmun,,planet,Enki,,
Ki,,planet,Enki,,
Nintuw,,moon,Ki,,
Ninsutu,,moon,Ki,,
Ninkasi,,moon,Ki,,
Dazimua,,moon,Ki,,
Enshagag,,moon,Ki,,
Nintu,,planet,Enki,,
Ninsaw,,planet,Enki,,
Ninkuwwa,,planet,Enki,,
Uttu,,moon,Ninkurra,,
Isimud,,planet,Enki,,
Ishtaw,,star,,,
Dumuzi,,planet,Ishtar,,
Gudam,,planet,Ishtar,,
Gawatuwa,,planet,Ishtar,,
Kuwjawa,,planet,Ishtar,,
Dagon,,star,,,
Bewatu,,planet,Dagon,,
Godiva,,moon,,,
Gweat Dismaw,,planet,,,
Hewzog,,planet,,,
Pandemonium,,star,,,
Muwcibew,,planet,Pandemonium,,
Mammon,,planet,Pandemonium,,
Weviathon,,planet,Pandemonium,,
Asmodeus,,planet,Pandemonium,,
Bewphegow,,planet,Pandemonium,,
Bewiaw,,planet,Pandemonium,,
Azazew,,planet,Pandemonium,,
Bewith,,star,,,
Ashtoweth,,star,,,
Sidon,,planet,Ashtoreth,,
Gawewa,,planet,Ashtoreth,,
Mowoch,,star,,,
Utopia,,star,,,
Azathoth,,star,,,
Abaddon,,star,,,
Dis,,star,,,
Medea,,planet,,,
Cwucibwe,,planet,,,
Wywm,,planet,,,
Dantawion,,star,,,
Humiwity,,planet,,,
Womance,,planet,,,
Wan,,planet,,,
Weewoo,,planet,,,
Zhu Que,,star,,,
Ada,,moon,,,
Wukh,,moon,,,
Zenobia,,star,,,
Wabywinth,,planet,,,
Genbu,,star,,,
Qiwin,,star,,,
Bwack Empewow,,star,,,
Mywkheim,,star,,,
Idunn,,planet,Myrkheim,,
Dwaupniw,,ring,Myrkheim,,
Ivawdi,,planet,Myrkheim,,
Bwokw,,planet,Myrkheim,,
Gadfwy,,moon,Brokr,,
Eitwi,,planet,Myrkheim,,
Guwwinbuwsti,,planet,Myrkheim,,
Habwok,,planet,,,
Jotunheim,,star,,,
Gweip,,planet,Jotunheim,,
Gjawp,,planet,Jotunheim,,
Bawdawbunga,,planet,Jotunheim,,
Thwivawdi,,planet,Jotunheim,,
Zosimos,,planet,,,
$parent's Wheew,,"ring, accretion",,,
Ezekiaw's Wheew,,"ring, accretion",,,
Awc of $parent,,ring,,,
$parent's Wweath,,"ring, magnetic_field, accretion",,,
Towq of $parent,,"ring, accretion",,,
Cwown of $parent,,"ring, accretion",,,
Wing System,,ring,,20,TRUE
Accwetion Disk,,accretion,,20,TRUE
The Ouwobowos,,asteroid_belt,,,
$parent's Giwdwe,,asteroid_belt,,,
Iwon Stweam,,asteroid_belt,,,
Stone Wivew,,asteroid_belt,,,
$parent's Bewt,,asteroid_belt,,,
Waww of $parent,,asteroid_belt,,,
Woad of $parent,,"asteroid_belt, ring",,,
The Gwittewing Band,,"ring, asteroid_belt",,,
$parent's Ciwcuit,,asteroid_belt,,,
$parent's Cwown,,asteroid_belt,,,
Astewoid Bewt,,asteroid_belt,,20,TRUE
$parent's Chaos,,"asteroid_field, magnetic_field",,,
$parent's Swawm,,asteroid_field,,,
Stone Concwave,,asteroid_field,,,
$parent's Shiewd,,"asteroid_field, magnetic_field",,,
$parent $L Astewoids,,asteroid_field,,20,
Astewoid Fiewd,,asteroid_field,,,
$parent's Veiw,,"nebula, magnetic_field",,,
$parent's Cwoak,,nebula,,,
$parent's Secwet,,"nebula, magnetic_field",,,
$parent's Mystewy,,"nebula, magnetic_field",,,
$parent's Night,,nebula,,,
$parent's Dawkness,,nebula,,,
$parent $L Nebuwa,,nebula,,20,
$parent's Sea,,nebula,,,
Sawgasso of $parent,,nebula,,,
Nebuwa,,nebula,,,
$parent's Gywe,,"magnetic_field, accretion",,,
$parent's Confusion,,"magnetic_field, accretion",,,
$parent's Wwath,,"magnetic_field, accretion",,,
$parent's Angew,,"magnetic_field, accretion",,,
$parent's Auwa,,"magnetic_field, accretion",,,
$parent's Madness,,"magnetic_field, accretion",,,
Magnetic Fiewd,,magnetic_field,,20,TRUE
Fweyja,,star,,,
Bwisingamen,,"ring, asteroid_belt magnetic_field, accretion",Freyja,,
Wotan,,star,,,
Dwaupniw,,"ring, asteroid_belt magnetic_field, accretion",Wotan,,
Hwidskjawf,,planet,Wotan,,
Wing of Gyges,,ring,,,
Fenwiw,,planet,,,
Gjoww,,moon,Fenrir,,
Swedovik,,moon,,,
Sessho-seki,,moon,,,
Awkady,,planet,,,
Wocannon's Wowwd,,planet,,,
Baswag,,planet,,,
Boone,,moon,,,
Zakawwe,,moon,,,
Dawkense,,moon,,,
Wivueta,,moon,,,
Ewethiomew ,,moon,,,
Stabewinde,,moon,,,
Cache,,moon,,,
Ged,,moon,,,
Pawavew,,planet,,,
Wigamawowe,,planet,,,
Scwimshaw,,planet,,,
Hadwia,,planet,,,
Wosas,,planet,,,
Owobas,,star,,,
Muwmuw,,star,,,
Asmoday,,star,,,
Mawax,,star,,,
Amon,,star,,,
Komawov,,star,,,
Nibiwu,,planet,,,
Bwahe,,constellation,,,
Pewseus,Persei,constellation,,,
Cewenkov,,constellation,,,
Cygnus,Cygni,constellation,,,
Sauwus,Sauri,constellation,,,
Pisces,Piscum,constellation,,,
Cawina,Carinae,constellation,,,
Dwaco,,constellation,,,
Ewysia,,constellation,,,
Iwkawwa,,constellation,,,
Mewopis,Meropi,constellation,,,
Nysa,,constellation,,,
Paititi,,constellation,,,
Yomi,,constellation,,,
Bawtia,,constellation,,,
Union,,planet,,,
Jewemiah's Wowwd,,planet,,,
Stwathcona,,moon,,,
Tamsin,,moon,,,
Kete,,moon,,,
Hwosa,,planet,,,
Aethew,,star,,,
Ewos,,"star,planet",,,
Asphodew,,star,,,
Ewebus,,"star, nebula",,,
Nyx,,"star, nebula",,,
Achewon,,star,,,
Khawon,,planet,,,
Tawtawus,,star,,,
Khthon,,star,,,
Bothwos,,planet,"Khthon, Tartarus",,
Megawon,,planet,"Khthon, Tartarus",,
Thanatos,,star,,,
Hypnos,,planet,Hypnos,,
Mowpheus,,moon,Hypnos,,
Phobetow,,moon,Hypnos,,
Phantasos,,moon,Hypnos,,
Oneiwoi,,"asteroid_belt, ring, magnetic_field",Hypnos,,
Wethe,,"asteroid_belt, ring, magnetic_field","Asphodel,Hypnos,Acheron,Kharon",,
Cocytus,,"asteroid_belt, ring, magnetic_field","Asphodel,Hypnos,Acheron,Kharon",,
Oceanus Nebuwa,,nebula,,,
Ewysion,,planet,,,
Minos,,planet,,,
Khowa,,planet,,,
Mnemosyne,,star,,,
Cawwiope,,planet,Mnemosyne,,
Myhdon,,moon,Calliope,,
Edonus,,moon,Calliope,,
Biston,,moon,Calliope,,
Kweio,,planet,Mnemosyne,,
Hyacinth ,,moon,Kleio,,
Eutewpe,,planet,Mnemosyne,,
Whesus,,moon,Euterpe,,
Ewato,,planet,Mnemosyne,,
Mewpomene,,planet,Mnemosyne,,
Powymnia,,planet,Mnemosyne,,
Agwaope,,moon,Polymnia,,
Weucosia,,moon,Polymnia,,
Wigeia,,moon,Polymnia,,
Mowpe,,moon,Polymnia,,
Pathenope,,moon,Polymnia,,
Peisinoe,,moon,Polymnia,,
Thewxiope,,moon,Polymnia,,
Tewpsichowe,,planet,Mnemosyne,,
Thawia,,planet,Mnemosyne,,
The Kowybantes,,"ring, asteroid_belt",Thalia,,
Uwania,,planet,Mnemosyne,,
Winus,,moon,Urania,,
Dia,,planet,Mnemosyne,,
Hewicon,,planet,Mnemosyne,,
Aoide,,moon,Helicon,,
Mewete,,moon,Helicon,,
Mneme,,moon,Helicon,,
Pawnassos,,planet,,,
The Banshee,,magnetic_field,,,
The Siwens,,asteroid_belt,,,
Owpheus,,planet,,,
Twagedy,,star,,,
The Kuwetes,,asteroid_belt,,,
$parent's Fwock,,"asteroid_belt, asteroid_field",,,
Mangindusa,,star,,,
Bugawasin,,"star,planet",Mangindusa,,
Powo,,planet,"Mangindusa,Bugawasin",,
Sedumunadoc,,planet,"Mangindusa,Bugawasin",,
Tabiacoud,,planet,"Mangindusa,Bugawasin",,
Anggugwu,,moon,Tabiacoud,,
Bawugu,,"ring, asteroid_belt, magnetic_field","Mangindusa,Bugawasin",,
Kawabagang,,"ring, asteroid_belt, magnetic_field","Mangindusa,Bugawasin",,
Tawiyakad,,moon,"Polo,Sedumunadoc,Tabiacoud",,
Wangit,,moon,"Polo,Sedumunadoc,Tabiacoud",,
Basad,,planet,"Mangindusa,Bugawasin",,
Sidpan,,planet,"Mangindusa,Bugawasin",,
Dibuwat,,planet,"Mangindusa,Bugawasin",,
Kavacha,,magnetic_field,,,
Owm,,"planet, moon",,,
Ogion,,"planet, moon",,,
Wing of Mowwed,,ring,,,
Sewidow,,moon,,,
Nug,,moon,,,
Yeg,,moon,,,
Whogog,,planet,,,
Hastuw,,planet,,,
Yig,,planet,,,
Wama,,star,,,
Hanuman,,planet,Rama,,
Vanawa,,planet,Rama,,
Suwasa,,star,,,
Vasuki,,"star,planet",,,
The Nagas,,asteroid_belt,"Surasa, Vasuki",,
Kawiya,,planet,"Surasa, Vasuki",,
Manasa,,planet,,,
Bakunawa,,planet,,,
Kawkotaka,,planet,,,
Mucawinda,,planet,,,
Padmavati,,planet,,,
Peaww Wivew,,"asteroid_belt, ring",,,
Zmey,,star,,,
Wamya,,star,,,
Smok,,star,,,
Stygia,,planet,,,
Cimmewia,,planet,,,
Magen,,planet,,,
Ziwnitwa,,star,,,
Awkona,,planet,,,
Ved,,moon,,,
Kowobok,,moon,,,
Mokosh,,star,,,
Pewun,,"star,planet",Mokosh,,
Mowana,,planet,Perun,,
Vewes,,"star,planet",Mokosh,,
Jawiwo,,planet,Mokosh,,
Svawog,,star,,,
Dazbog,,"star,planet",Svarog,,
Indwik,,moon,,,
Stwibog,,star,,,
Gamayun,,planet,Stribog,,
Siwin,,planet,Stribog,,
Awkonost,,planet,Stribog,,
The Simawgw,,"asteroid_belt, asteroid_field",Stribog,,
Baba Yaga,,planet,,,
Buyan,,star,,,
Koschei,,planet,Buyan,,
Kitezh,,planet,,,
Netew,,moon,,,
Pontus,,star,,,
Tiamat,,star,,,
Apsu,,"star,planet",Tiamat,,
Wotan,,planet,Tiamat,,
Basmu,,planet,Tiamat,,
Usumgawwu,,planet,Tiamat,,
Masmahhu,,planet,Tiamat,,
Mushussu,,planet,Tiamat,,
Wahmu,,planet,Tiamat,,
Ugawwu,,planet,Tiamat,,
Uwidimmu,,planet,Tiamat,,
Giwtabwuwwu,,planet,Tiamat,,
Umu Dabwutu,,planet,Tiamat,,
Kuwuwwu,,planet,Tiamat,,
Kusawikku,,planet,Tiamat,,
Yaw,,star,,,
Wahab,,planet,Yaw,,
Tannin,,planet,Yaw,,
Anzu,,star,,,
Ausiw,,"star, planet",,,
Howos,,"star, planet",Ausir,,
Nekhen,,"planet, moon",Horos,,
Anapa,,planet,Ausir,,
Atuan,,moon,,,
Tenaw,,moon,,,
Kossiw,,moon,,,
Wota Fowtunae,,"asteroid_belt, ring",,,
Siege Pewiwous,,planet,,,
Wowwd Miww,,star,,,
Awa,,moon,,,
Duwew's Staw,,star,,,
Mewanchowia,,planet,,,
Moskva,,planet,,,
Gwiseus,,planet,,,
Bweq,,planet,,,
Hungwy Ghost,,nebula,,,
Diyu,,star,,,
Yama,,"star, planet",Diyu,,
Naihe Qiao,,"ring, asteroid_belt, magnetic_field, accretion",Diyu,,
Youdu,,planet,Diyu,,
Qinguang,,planet,Diyu,,
Bing Diyu,,moon,Qinguang,,
Chujiang,,planet,Diyu,,
Heisheng Dadi,,moon,Chujiang,,
Songdi,,planet,Diyu,,
Wuguan,,planet,Diyu,,
Xuechi,,moon,Wuguan,,
Yanwuo,,planet,Diyu,,
Diancheng,,planet,Diyu,,
Jiaohuan,,moon,Diancheng,,
Taishan,,planet,Diyu,,
Woujiang,,moon,Taishan,,
Dushi,,planet,Diyu,,
Menguo,,moon,Dushi,,
Pingden,,planet,Diyu,,
Avici,,moon,Pingden,,
Jigoku,,star,,,
Enma,,"star, planet",Jigoku,,
Gawgoywe,,moon,,,
Famiwiaw,,moon,,,
Schwat,,moon,,,
Kobowd,,moon,,,
Youming,,nebula,,,
Yinjian,,nebula,,,
Soweyn,,planet,,,
Gwowan,,planet,,,
Sagan,,planet,,,
Wobinson's Moon,,moon,,,
Mowthanvewd,,moon,,,
Issowiwe,,planet,,,
Azad,,moon,,,
Gowmenghast,,planet,,,
Knowe,,moon,,,
Cawcassonne,,planet,,,
Sawk,,moon,,,
Wameumptom,,moon,,,
Viduw,,planet,,,
Jahannam,,star,,,
Zaqqum,,planet,Jahannam,,
Maawik,,planet,Jahannam,,
Haawiyah,,planet,Jahannam,,
Bawzakh,,"ring, asteroid_belt, magnetic_field, accretion, asteroid_field",Jahannam,,
Aw Naw,,star,,,
Jahim,,star,,,
Jannah,,star,,,
Touba,,planet,Jannah,,
Awaf,,moon,,,
Sheow,,planet,,,
Wephaim,,asteroid_belt,Sheol,,
Pewdition,,planet,,,
Aawu,,star,,,
Netew-hkewtet,,star,,,
Ewwig,,star,,,
Kawoagwanwaw,,"asteroid_belt, asteroid_field",Erlig,,
Kawakizwaw,,"asteroid_belt, asteroid_field",Erlig,,
Kawash,,planet,Erlig,,
Matyw,,planet,Erlig,,
Shyngay,,planet,Erlig,,
Komuw,,planet,Erlig,,
Badysh,,planet,Erlig,,
Yabash,,planet,Erlig,,
Temiw,,planet,Erlig,,
Uchaw,,planet,Erlig,,
Kewey,,planet,Erlig,,
Uwgan,,star,,,
Maidewe,,planet,Ulgan,,
The Owdog,,planet,,,
Yav,,planet,,,
Pwav,,planet,,,
Nav,,planet,,,
Anyox,,moon,,,
Atwin,,nebula,,,
The Chechidwa,,"asteroid_belt, asteroid_field",,,
Comiaken,,planet,,,
Cuwtus,,moon,,,
Gingowx,,star,,,
The Nechako,,"ring, asteroid_belt",,,
Tsimshian,,ring,,,
Ivavik,,planet,,,
Ghost Dance,,magnetic_field,,,
Mag Meww,,planet,,,
Woka,,planet,,,
Cipactwi,,moon,,,
Ehecatw,,"magnetic_field, ring",,,
Spiwit Wind,,magnetic_field,,,
Agiew,,planet,,,
Tesh,,planet,,,
Wohagi,,planet,,,
Cymek,,planet,,,
Bewed Kai Nev,,planet,,,
Samaew,,star,,,
Agwat bat Mahwat,,"star, planet",Samael,,
Amamaw,,moon,Agrat bat Mahlat,,
Naamah,,"star, planet",Samael,,
Wiwith,,star,,,
Eisheth,,star,,,
Zepaw,,planet,,,
The Gwigowi,,"asteroid_belt, asteroid_field",,,
The Sentinews,,"asteroid_belt, asteroid_field",,,
Suwiew,,moon,,,
Owd Goat,,moon,,,
Kochab,,planet,,,
Yaqum,,star,,,
Asbeew,,planet,Yaqum,,
Gadweew,,planet,Yaqum,,
Penemue,,planet,Yaqum,,
Kasdaye,,planet,Yaqum,,
Cambwiew Nebuwa,,nebula,,,
Awmawos' Wowk,,magnetic_field,,,
The Mywiad,,"asteroid_belt, asteroid_field",,,
The Wost Wegion,,"asteroid_belt, asteroid_field, accretion",,,
Aw Kathab,,"magnetic_field, nebula",,,
The Awmada,,"asteroid_belt, asteroid_field",,,
Kohnid,,moon,,,
The Gengwis,,"asteroid_belt, asteroid_field",,,
New Suwoch,,planet,,,
Xezbeth,,star,,,
Xaphan,,star,,,
Vanth,,planet,,,
The Ewinyes,,"asteroid_belt, asteroid_field",,,
Chawun,,planet,,,
Cawu,,planet,,,
Tuwms,,planet,,,
Aita,,planet,,,
Anviw,,moon,,,
Stway Dog,,moon,,,
Vawefaw,,star,,,
Wavewna,,moon,,,
Madewakka,,star,,,
Sawakka,,planet,Maderakka,,
Juksakka,,planet,Maderakka,,
Uksakka,,planet,Maderakka,,
Jabme-Akka,,planet,Maderakka,,
Maan-Emo,,star,,,
An,,star,,,
Ki,,"star, planet",An,,
Anu,,"planet, moon",Ki,,
Wong,,moon,,,
Quy,,moon,,,
Wan,,moon,,,
Phung,,moon,,,
Awt of the Jinns,,magnetic_field,,,
The Qawin,,"asteroid_belt, asteroid_field",,,
Tuchuwcha,,planet,,,
Suanggi,,moon,,,
Suwgat,,moon,,,
The Imp,,moon,,,
Chax,,star,,,
The Waven,,moon,,,
The Muwdew,,"asteroid_belt, asteroid_field",,,
Saweos,,planet,,,
Puwoman,,planet,,,
Indwani Sachi,,moon,,,
Sivaswi,,moon,,,
The Pontianak,,nebula,,,
The Pocong,,ring,,,
O Tokata,,moon,,,
Osow,,planet,,,
Empusa,,moon,,,
Mowmo,,moon,,,
Onoskewis,,planet,,,
Mawa,,planet,,,
Kwampus,,moon,,,
Kwoni,,star,,,
Wavanan,,planet,Kroni,,
Kawiyan,,planet,Kroni,,
Thuwiothanan,,"asteroid_belt, asteroid_field",Kroni,,
Kad,,moon,,,
The Mawid,,"asteroid_belt, asteroid_field",,,
Hantu Waya,,planet,,,
Tuyuw,,planet,,,
Koman-tong,,moon,,,
Koman-way,,moon,,,
Kwee Kia,,moon,,,
Jengwot,,moon,,,
Gusoyn,,planet,,,
Gawwu,,moon,,,
Gaap,,star,,,
Dzoavits,,planet,,,
Kwabautewmann,,moon,,,
$parent's Jinx,,magnetic_field,,,
$parent's Hex,,magnetic_field,,,
The Hecatomb,,accretion,,,
Gwigwi,,moon,,,
Bakaak,,planet,,,
Jumbee's Dance,,magnetic_field,,,
Kigatiwik,,star,,,
Qiqiwn,,planet,,,
Tupiwaq,,moon,,,
Tizhewuk,,planet,,,
Wun of the Haietwik,,"ring, magnetic_field",,,
Unhcegiwa,,planet,,,
Okeus,,star,,,
Shapishico,,planet,,,
Atahsaya,,star,,,
Wekufe,,planet,,,
Guawichu,,star,,,
Babi Ngepet,,moon,,,
Woywwo,,planet,Tyle,,
Bwaxiw,,planet,Tyle,,
Mam,,planet,Tyle,,
Zuane,,planet,Tyle,,
Capwica,,planet,Tyle,,
Wetum,,planet,Corvus,,
Pawwida,,moon,Letum,,
Somnus,,planet,Corvus,,
Nox,,planet,Corvus,,
Mows,,moon,Nox,,
The Pactowus,,"asteroid_belt, ring",Corvus,,
Socowdia,,planet,Corvus,,
Ignavia,,planet,Corvus,,
Sabwiew,,moon,,,
Wiwaew,,moon,,,
Cwawiew,,moon,,,
Wanna,,moon,,,
Moswaew,,moon,,,
Kibeth,,moon,,,
Dywim,,moon,,,
Bewgaew,,moon,,,
Astawaew,,moon,,,
Sawaneth,,moon,,,
Tanmaw,,moon,,,
Maida,,planet,,,
Bentuswe,,planet,,,
Asmaidas,,planet,,,
Gwocwant,,planet,,,
Nona,,moon,,,
Decima,,moon,,,
Mowta,,moon,,,
Watna,,planet,Naraka,,
Shawkawa,,planet,Naraka,,
Vawuka,,planet,Naraka,,
Panka,,planet,Naraka,,
Dhuma,,"nebula, ring, magnetic_field",Naraka,,
Tamaha,,"nebula, ring, magnetic_field",Naraka,,
Mahatamaha,,"nebula, ring, magnetic_field",Naraka,,
Achuguayo,,planet,Magec,,
Teide,,planet,Magec,,
Gawa,,moon,Teide,,
Jonay,,moon,Teide,,
Chijowaji,,planet,Magec,,
Achuhucanac,,planet,Magec,,
Ganigo,,moon,Achuhucanac,,
Tagowow,,asteroid_field,Magec,,
Gowo,,"asteroid_belt, ring",Magec,,
Sose,,planet,Arcadia,,
Faunus,,planet,Arcadia,,
Bona Dea,,planet,Arcadia,,
Pitys,,planet,Arcadia,,
Echo,,planet,Arcadia,,
Kewaineus,,planet,Arcadia,,
Awgennon,,planet,Arcadia,,
Aigikowos,,planet,Arcadia,,
Eugeneios,,planet,Arcadia,,
Omestew,,planet,Arcadia,,
Daphoenus,,planet,Arcadia,,
Phiwamnos,,planet,Arcadia,,
Xanthos,,planet,Arcadia,,
Gwaukos,,planet,Arcadia,,
Phowbas,,planet,Arcadia,,
Weng,,star,,,
Kang Admi,,planet,Leng,,
Mika,,planet,Leng,,
Bun Manchi,,planet,Leng,,
Migoi,,planet,Leng,,
Dzu-teh,,planet,Leng,,
Miche,,planet,Leng,,
Sawkomand,,planet,Leng,,
Cewenewian Sea,,nebula,Leng,,
Kephawos,,planet,Eos,,
Pwocwis,,moon,Kephalos,,
Minyas,,planet,Eos,,
Cymene,,planet,Eos,,
Awcesius,,planet,Eos,,
Astwaeus,,planet,Eos,,
Boweas,,moon,Astraeus,,
Notus,,moon,Astraeus,,
Euwus,,moon,Astraeus,,
Zephywus,,moon,Astraeus,,
Toci,,planet,Aztlan,,
Coatwicue,,planet,Aztlan,,
Centeotw,,planet,Aztlan,,
Chicomecoatw,,planet,Aztlan,,
Texcatwipoca,,planet,Aztlan,,
Xantico,,planet,Aztlan,,
Chantico,,planet,Aztlan,,
Mayahue,,moon,Chantico,,
Mixcoatw,,planet,Aztlan,,
Centzon Huitznauhtin,,"ring, asteroid_belt, asteroids",Mixcoatl,,
Twawoc,,planet,Aztlan,,
The Aniwwo,,ring,Aztlan,,
Tohiw,,planet,Aztlan,,
Denyen,,planet,Canaan,,
Ekwesh,,planet,Canaan,,
Peweset,,planet,Canaan,,
Shewden,,planet,Canaan,,
Tewesh,,planet,Canaan,,
Weshesh,,planet,Canaan,,
Tjekew,,planet,Canaan,,
Buww Moose,,planet,,,
Minnow,,moon,,,
Wiww-o-wisp,,moon,,,
Stingy Jack,,moon,,,
City of Bwass,,planet,,,
Sawaph,,planet,Nachash,,
Hawah,,planet,Nachash,,
Hazow,,planet,Nachash,,
Gezow,,planet,Nachash,,
Ningishzida,,planet,Nachash,,
Azimua,,planet,Nachash,,
Nehushtan,,planet,Nachash,,
Obewon,,star,,,
Cymnea,,planet,Oberon,,
Faiewwa,,planet,Oberon,,
Cwawissa,,planet,Oberon,,
Wiga,,planet,Oberon,,
Sawaw,,star,,,
Dawa,,planet,Sawal,,
Mandow,,planet,Sawal,,
Juwt,,planet,Sawal,,
Cowwin,,planet,,,
Mewwin,,moon,Corwin,,
Bwand,,planet,,,
Jaswa,,moon,Brand,,
Wuke,,moon,Brand,,
Mowganthe,,"star, planet",,,
Mawtin,,planet,,,
Mowganna,,star,,,
Mowonoe,,planet,Morganna,,
Mazoe,,planet,Morganna,,
Gwiten,,planet,Morganna,,
Gwitonea,,planet,Morganna,,
Tywonoe,,planet,Morganna,,
Thiten,,planet,Morganna,,
Pomowum,,planet,Morganna,,
Basiwia,,planet,,,
Mentonomon,,nebula,,,
Suwoch,,planet,,,
Gwimnebuwin,,moon,,,
Weavew,,star,,,
Shining Tow,,planet,Westernesse,,
Vannin,,planet,Westernesse,,
Manau,,planet,Westernesse,,
Monabia,,planet,Westernesse,,
Cushag,,planet,Westernesse,,
Aywe,,planet,Westernesse,,
Neb,,"ring, asteroid_belt",Westernesse,,
Dhoo,,"ring, asteroid_belt",Westernesse,,
Ketew,,"ring, magnetic_field",Zagan,,
Zohaw,,"ring, magnetic_field",Zagan,,
Binah,,planet,Zagan,,
Netzach,,planet,Zagan,,
Yesod,,planet,Zagan,,
Hod,,planet,Zagan,,
Simchah,,planet,Zagan,,
Emet,,planet,Zagan,,
Gwimsnes,,planet,Thule,,
Awfuw,,moon,Grimsnes,,
Gwensdawuw,,planet,Thule,,
Twoww,,moon,Grensdalur,,
Askja,,planet,Thule,,
Vofa,,moon,Askja,,
Suwtsey,,planet,Thule,,
Saw,,moon,Surtsey,,
Kwossa,,"ring, asteroid_belt",Thule,,
Hvita,,"ring, asteroid_belt",Thule,,
Owfusa,,"ring, asteroid_belt",Thule,,
Gwendew,,planet,Thule,,
Modow,,moon,Grendel,,
The Chiwaw Wisp,Chira,constellation,,,
Avice,,constellation,,,
Macuwatus,Maculata,constellation,,,
Deinos,Deina,constellation,,,
Vuzgwimeti,,constellation,,,
Bawwom,,constellation,,,
Spiwa,,constellation,,,
Zawanya,,constellation,,,
The Motwey,Motley,constellation,,,
Moiwe,,constellation,,,
Pwism,Prisma,constellation,,,
Awcus,,constellation,,,
Wewo,,constellation,,,
Acown,,moon,,,
Hope,,constellation,,,
Wondew,,constellation,,,
The Confwuence,Conflux,constellation,,,
Ciwwus,,constellation,,,
Owwyn,,constellation,,,
Pantheon,,constellation,,,
Eye,,constellation,,,
Phawos,,constellation,,,
Tempest,,constellation,,,
The Pwecipice,Precipice,constellation,,,
Awchon,,constellation,,,
Sabazios,Sabazio,constellation,,,
Tewwow,,constellation,,,
Despaiw,,constellation,,,
Abandon,,constellation,,,
Wegion,,constellation,,,
Gowgotha,,constellation,,,
Bwost,,star,,,
Uz,,constellation,,,
Huw,,star,,,
Togaw,,star,,,
Mesha,,constellation,,,
Mu,,constellation,,,
Naacaw,,star,,,
Zahwa,,constellation,,,
Hufwa,,constellation,,,
Ziww,,moon,,,
Swang,,star,,,
Twoano,,constellation,,,
Mayda,,constellation,,,
Bowunda,,planet,,,
Bwaziw,,planet,,,
Mam,,star,,,
Vwaandewen,,planet,,,
Asmaida,,constellation,,,
Chagos,Chago,constellation,,,
Eigew,,moon,,,
Wan,,constellation,,,
Vigwid,Vigri,constellation,,,
Hwym,,planet,,,
Nog,,"planet, moon",,,
Gwywa,,constellation,,,
Cowmowan,,constellation,,,
Mowvah,,constellation,,,
Zennow,,constellation,,,
Madwon,,constellation,,,
Athos,,constellation,,,
Cadmus,,star,,,
Echion,,planet,Cadmus,,
Waius,,planet,Cadmus,,
The Spawtoi,,"ring, asteroid_belt",Cadmus,,
Bewwewophon,,constellation,,,
Ciwix,,"star, planet, moon",,,
Tewephassa,,"star, planet",,,
Tewephe,,moon,,,
Agwiope,,"star, planet, moon",,,
Shevaw,,constellation,,,
Fewwagut,,"star, planet, moon",,,
Kwoni,,constellation,,,
Kapwe,,"star, planet, moon",,,
Zipacna,,"star, planet, moon",,,
Mbombo,,"constellation, star",,,
Basan,,"constellation, star",,,
Wendigo,,"constellation, star",,,
Abwaxas,,"constellation, star, planet",,,
Vassago,,"constellation, star, planet",,,
Ukobach,,"constellation, star, planet",,,
Vawac,,"constellation, star, planet",,,
Toyow,,"constellation, star, planet",,,
Sowas,,"constellation, star, planet",,,
Shedim,,"constellation, star, planet",,,
Waum,,"star, planet, moon",,,
Ose,,"star, planet, moon",,,
Wempo,,"star, planet, moon",,,
Wiwin,,"star, planet, moon",,,
Kiwwakee Cat,,moon,,,
Ipos,,"star, planet, moon",,,
Hantu Waya,,"nebula, star, planet",,,
The Powong,,moon,,,
Pewesit,,moon,,,
Bwue Cwow,,"star, planet, moon",,,
Mawathon,,"constellation, star",,,
Mazu,,"constellation, star",,,
Svawga,,"constellation, star",,,
Sunda,,"constellation, star",,,
Gawbhodaka,,"nebula, constellation",,,
Pitwwoka,,"star, planet",,,
Dawaw's Staw,,star,,,
Kawdashev,,"constellation, star",,,
Hewo,,"constellation, star",,,
Vecna,,"constellation, star",,,
Zendaw,,"constellation, star",,,
Yaahw,,"planet, moon",,,
Sahawa,,"nebula, constellation",,,
Gobi,,"nebula, constellation",,,
Kawahawi,,"nebula, constellation",,,
Kawakum,,"nebula, constellation",,,
Sonowa,,"nebula, constellation",,,
Atacama,,"nebula, constellation",,,
Mojave,,"nebula, constellation",,,
Namib,,"nebula, constellation",,,
Aegea,,"nebula, constellation, star",,,
New Wabwadow,,"star, planet, moon",,,
New Biscay,,"nebula, constellation, star",,,
New Azov,,"nebula, constellation, star",,,
New Cowdova,,"star, planet, moon",,,
New Pendew,,"planet, moon",,,
New Guayaquiw,,"planet, moon",,,
Thiwd Bogota,,"planet, moon",,,
Yuendumu,,"planet, moon",,,
Yuwawa,,"planet, moon",,,
Ghan,,"planet, moon",,,
Wawmun,,"planet, moon",,,
The Owd,,"ring, asteroid_belt, magnetic_field, accretion",,,
Naikoon,,"star, planet, moon",,,
Haanas,,"star, planet, moon",,,
The Pines,,"ring, asteroid_belt, magnetic_field",,,
New Cawdweww,,"planet, moon",,,
Potato,,moon,,,
Baka,,moon,,,
Ang,,"star, planet, moon, nebula, constellation",,,
Wotanna,,"star, planet, moon, nebula, constellation",,,
Sawewonos,,"star, planet, moon, nebula, constellation",,,
Gindwaum,,"star, planet, moon, nebula, constellation",,,
Thiwd Bog,,moon,,,
Ming Dadi,,"star, planet, moon, nebula, constellation",,,
Zennon's Wowwd,,"planet, moon",,,
Sidow,,"star, planet, moon, nebula, constellation",,,
Uwandom,,"star, planet, moon, nebula, constellation",,,
The Wavew,,"asteroid_belt, magnetic_field, accretion, ring",,,
Phoenus,,"star, planet, moon, nebula, constellation",,,
Gwith,,"star, planet, moon, nebula, constellation",,,
New Pendewa,,"star, planet, moon, nebula, constellation",,,
Gwid,,"star, planet, moon, nebula, constellation",,,
Whesh,,"star, planet, moon, nebula, constellation",,,
Swan,,"star, planet, moon, nebula, constellation",,,
Chiwd Bogotanma,,"star, planet, moon, nebula, constellation",,,
Bwazimua,,"star, planet, moon, nebula, constellation",,,
Siegea,,"star, planet, moon, nebula, constellation",,,
Gawgeneiwon,,"star, planet, moon, nebula, constellation",,,
Kusa,,"star, planet, moon, nebula, constellation",,,
Owd Miwix,,"star, planet, moon, nebula, constellation",,,
Wamya,,"star, planet, moon, nebula, constellation",,,
Kigameng,,"star, planet, moon, nebula, constellation",,,
Yabadysh,,"star, planet, moon, nebula, constellation",,,
Hassa,,"star, planet, moon, nebula, constellation",,,
Kiten,,"star, planet, moon, nebula, constellation",,,
Taw,,"star, planet, moon, nebula, constellation",,,
Shethe Mah,,"star, planet, moon, nebula, constellation",,,
Awkoman,,"star, planet, moon, nebula, constellation",,,
Xaphobok,,"star, planet, moon, nebula, constellation",,,
Bwost Dantawion,,"star, planet, moon, nebula, constellation",,,
Socona,,"star, planet, moon, nebula, constellation",,,
The Sinking Band,,"asteroid_belt, magnetic_field, accretion, ring",,,
Bwadoc,,"star, planet, moon, nebula, constellation",,,
Awesh,,"star, planet, moon, nebula, constellation",,,
Mentone Cwow,,"star, planet, moon, nebula, constellation",,,
Inda,,"star, planet, moon, nebula, constellation",,,
Pewesius,,"star, planet, moon, nebula, constellation",,,
O Toka,,"star, planet, moon, nebula, constellation",,,
Daphon,,"star, planet, moon, nebula, constellation",,,
Wabwaxas,,"star, planet, moon, nebula, constellation",,,
The Jinnow,,"asteroid_belt, magnetic_field, accretion, ring",,,
Huma,,"star, planet, moon, nebula, constellation",,,
Wiwik,,"star, planet, moon, nebula, constellation",,,
The Simshanviw,,"asteroid_belt, magnetic_field, accretion, ring",,,
Fwight of Muwdew,,"asteroid_belt, magnetic_field, accretion, ring",,,
Bwackest Swawming,,"asteroid_belt, magnetic_field, accretion, ring",,,
Dywiad,,"star, planet, moon, nebula, constellation",,,
Maand,,"star, planet, moon, nebula, constellation",,,
Siwen's Song,,"asteroid_belt, magnetic_field, accretion, ring",,,
The Wowewei,,"asteroid_belt, magnetic_field, accretion, ring",,,
Muwmuw,,"asteroid_belt, magnetic_field, accretion, ring",,,
Qawik,,"star, planet, moon, nebula, constellation",,,
Mewos,,"star, planet, moon, nebula, constellation",,,
Big Ping,,"star, planet, nebula, constellation",,,
Suwocwawiwe,,"star, planet, moon, nebula, constellation",,,
Aw Nagang,,"star, planet, moon, nebula, constellation",,,
Hadweew,,"star, planet, moon, nebula, constellation",,,
Iwon,,"star, planet, moon, constellation",,,
Wathon,,"star, planet, moon, nebula, constellation",,,
Jannow,,"star, planet, moon, nebula, constellation",,,
Xaphassow,,"star, planet, moon, nebula, constellation",,,
Wamnos,,"star, planet, moon, nebula, constellation",,,
Basmaida,,"star, planet, moon, nebula, constellation",,,
Jewesh,,"star, planet, moon, nebula, constellation",,,
Kydoimos,,"star, planet, moon, nebula, constellation",,,
Wohawos,,"star, planet, moon, nebula, constellation",,,
Paiw,,"star, planet, moon, nebula, constellation",,,
Twawost Wegiwa,,"star, planet, moon, nebula, constellation",,,
Zumu,,"star, planet, moon, nebula, constellation",,,
The Ouwochaw,,"asteroid_belt, magnetic_field, accretion, ring",,,
Miwinbu,,"star, planet, moon, nebula, constellation",,,
Wawmunadoc,,"star, planet, moon, nebula, constellation",,,
The Mawov,,"asteroid_belt, magnetic_field, accretion, ring",,,
Xanthe Che,,"star, planet, moon, nebula, constellation",,,
Ning,,"star, planet, moon, nebula, constellation",,,
The Gwith,,"asteroid_belt, magnetic_field, accretion, ring",,,
Kuwuww Moon,,moon,,,
Ghos,,"nebula, magnetic_field, ring",,,
Uchawos,,"star, planet, moon, nebula, constellation",,,
Wengwota Fowthanan,,"star, planet, moon, nebula, constellation",,,
Uwid,,"star, planet, moon, nebula, constellation",,,
Ukossa,,"star, planet, moon, nebula, constellation",,,
Awkonomia,,"star, planet, moon, nebula, constellation",,,
Tamaew,,"star, planet, moon, nebula, constellation",,,
Qing,,"star, planet, moon, nebula, constellation",,,
Binsutu,,"star, planet, moon, nebula, constellation",,,
Gwendusa,,"star, planet, moon, nebula, constellation",,,
Gweam,,"star, planet, moon, nebula, constellation",,,
Umu,,"star, planet, moon, nebula, constellation, asteroid_belt, magnetic_field, accretion, ring",,,
The Mywianaw,,"asteroid_belt, magnetic_field, accretion, ring",,,
Awcassa,,"star, planet, moon, nebula, constellation",,,
Bewene,,"star, planet, moon, nebula, constellation",,,
Wanyox,,"star, planet, moon, nebula, constellation",,,
Chu,,"star, planet, moon, nebula, constellation",,,
Cha,,"star, planet, moon, nebula, constellation",,,
Mance,,"star, planet, moon, nebula, constellation",,,
Wonde,,"star, planet, moon, nebula, constellation",,,
Yabazimua,,"star, planet, moon, nebula, constellation",,,
The Ouwoca,,"asteroid_belt, magnetic_field, accretion, ring",,,
Zuan,,"star, planet, moon, nebula, constellation",,,
Shewo,,"star, planet, moon, nebula, constellation",,,
Macuwtus,,"star, planet, moon, nebula, constellation",,,
Woka,,"star, planet, moon, nebula, constellation",,,
New Concwave,,"star, planet, moon, nebula, constellation",,,
Han,,moon,,,
Guaya,,"star, planet, moon, nebula, constellation",,,
Pewephanaw,,"star, planet, moon, nebula, constellation",,,
Jiao,,"star, planet, moon, nebula, constellation",,,
Akwon,,"star, planet, moon, nebula, constellation",,,
Hawgow,,"star, planet, moon, nebula, constellation",,,
Ewnow,,"star, planet, moon, nebula, constellation",,,
Thawos,,"star, planet, moon, nebula, constellation",,,
Awesius,,"star, planet, moon, nebula, constellation",,,
Aiwin,,"star, planet, moon, nebula, constellation",,,
Awwawd,,"star, planet, moon, nebula, constellation",,,
Dawgow,,"star, planet, moon, nebula, constellation",,,
Aigow,,"star, planet, moon, nebula, constellation",,,
Ewgawd,,"star, planet, moon, nebula, constellation",,,
Naimuw,,"star, planet, moon, nebula, constellation",,,
Atwon,,"star, planet, moon, nebula, constellation",,,
Mowphegowos,,"star, planet, moon, nebula, constellation",,,
Kawkawa,,"star, planet, moon, nebula, constellation",,,
Kawanan,,"star, planet, moon, nebula, constellation",,,
New Guan,,"star, planet, moon, nebula, constellation",,,
Samawat,,"star, planet, moon, nebula, constellation",,,
Awexiaw,,"star, planet, moon, nebula, constellation",,,
Kepheus,,"star, planet, moon, nebula, constellation",,,
Agenow,,"star, planet, moon, nebula, constellation",,,
Mowum,,"star, planet, moon, nebula, constellation",,,
Heimos,,"star, planet, moon, nebula, constellation",,,
Hawkad,,"star, planet, moon, nebula, constellation",,,
Kang,,"star, planet, moon, nebula, constellation",,,
Chwoww,,"star, planet, moon, nebula, constellation",,,
Mengwywa,,"star, planet, moon, nebula, constellation",,,
Manuewa,,"star, planet, moon, nebula, constellation",,,
Isin,,"star, planet, moon, nebula, constellation",,,
Dumuw,,"star, planet, moon, nebula, constellation",,,
Chaw,,"star, planet, moon, nebula, constellation",,,
Yaw,,"star, planet, moon, nebula, constellation",,,
Kawico,,"star, planet, moon, nebula, constellation",,,
Wanau,,"star, planet, moon, nebula, constellation",,,
Suwganna,,"star, planet, moon, nebula, constellation",,,
Michon,,"star, planet, moon, nebula, constellation",,,
Mowga,,"star, planet, moon, nebula, constellation",,,
Zahwatna,,"star, planet, moon, nebula, constellation",,,
Sagon,,"star, planet, moon, nebula, constellation",,,
Both,,"star, planet, moon, nebula, constellation",,,
Bewicho,,"star, planet, moon, nebula, constellation",,,
Bentzon Disk,,"nebula, constellation",,,
Awmun,,"star, planet, moon, nebula, constellation",,,
Cawcus,,"star, planet, moon, nebula, constellation",,,
Meweuthia,,"star, planet, moon, nebula, constellation",,,
Vwaan-Tone ,,"star, planet, moon, nebula, constellation",,,
Kasiwik,,"star, planet, moon, nebula, constellation",,,
Bowa,,"star, planet, moon, nebula, constellation",,,
Estwewya,,"star, constellation",,,
Fewwow,,"star, planet, moon, nebula, constellation",,,
Ohai,,"star, planet, moon, nebula, constellation",,,
Gwens,,"star, planet, moon, nebula, constellation",,,
Enyen,,"star, planet, moon, nebula, constellation",,,
Svawon,,"star, planet, moon, nebula, constellation",,,
Kadysh,,"star, planet, moon, nebula, constellation",,,
Qades,,"star, planet, moon, nebula, constellation",,,
Dawud,,"star, planet, moon, nebula, constellation",,,
Thwos,,"star, planet, moon, nebula, constellation",,,
Onowa,,"star, planet, moon, nebula, constellation",,,
Accwetew-Hkewe,,"star, planet, moon, nebula, constellation",,,
Cowdiance,,"star, planet, moon, nebula, constellation",,,
Gowiwous,,"star, planet, moon, nebula, constellation",,,
Tawtifwette,,moon,,,
Mesh,,"star, planet, moon, nebula, constellation",,,
Azathe Awmuwwus,,"star, planet, moon, nebula, constellation",,,
Idimmewon,,"star, planet, moon, nebula, constellation",,,
Kewchekwawi,,"star, planet, moon, nebula, constellation",,,
Ib Nwowk,,"star, planet, moon, nebula, constellation",,,
Sheon,,"star, planet, moon, nebula, constellation",,,
Gwance,,"star, planet, moon, nebula, constellation",,,
Bwadow,,"star, planet, moon, nebula, constellation",,,
Athconabi Nechicomia,,"star, planet, moon, nebula, constellation",,,
Michowia,,"star, planet, moon, nebula, constellation",,,
Echiwd Bogothwos,,"star, planet, moon, nebula, constellation, asteroid_belt, magnetic_field, accretion, ring",,,
Fwey,,"star, planet, moon, nebula, constellation",,,
Spaiw,,"star, planet, moon, nebula, constellation",,,
Komana,,"star, planet, moon, nebula, constellation",,,
Saw,,"star, planet, moon, nebula, constellation",,,
Kasdawuw,,"star, planet, moon, nebula, constellation",,,
Novo Wambady,,"star, planet, moon, nebula, constellation, asteroid_belt, magnetic_field, accretion, ring",,,
Wephanawaq,,"star, planet, moon, nebula, constellation",,,
Zahwat Diyu,,"star, planet, moon, nebula, constellation",,,
Cymenemon,,"star, planet, moon, nebula, constellation",,,
Nova Cydonia,,"star, planet, moon, nebula, constellation",,,
Gway Ghost,,"star, planet, moon, nebula, constellation, asteroid_belt, magnetic_field, accretion, ring",,,
Guww Motwey,,"star, planet, moon, nebula, constellation, asteroid_belt, magnetic_field, accretion, ring",,,
Damaw's Staw,,star,,,
Siwen,,"star, planet, moon, nebula, constellation",,,
Pomowa Wave,,"star, planet, moon, nebula, constellation, asteroid_belt, magnetic_field, accretion, ring",,,
The Sewpent,,"ring, accretion, asteroid_belt",,,
Dawk Wywm,,"ring, accretion, asteroid_belt, nebula",,,
Ezbethe Owdox,,"star, planet, moon, nebula, constellation, asteroid_belt, magnetic_field, accretion, ring",,,
Hadon Veweset,,"star, planet, moon, nebula, constellation",,,
Bwack Mass,,"nebula, planet, moon",,,
Yamawos' Wowk,,"star, planet, moon, nebula, constellation",,,
Bwue Ox,,moon,,,
Constant Companion,,moon,,,
Devoted Sewvant,,moon,,,
Dutifuw Dog,,moon,,,
Awchibawd's Staw,,star,,,
Confwagwation,,"star, nebula",,,
The Dissowution,,"nebula, accretion, ring, asteroid_belt, asteroid_field",,,
Stewwa Vitae,,star,,,
The Incinewation,,star,,,
Jewicho,,"planet, moon, asteroid_belt, asteroid_field, accretion",,,
Neo Vowos,,"planet, moon",,,
Uwuk,,"star, planet, moon, nebula, constellation",,,
Knossos,,"star, planet, moon, nebula, constellation",,,
Avwis,,"star, planet, moon, nebula, constellation",,,
Pi-Wamses,,"star, planet, moon, nebula, constellation",,,
Kesh,,"star, planet, moon, nebula, constellation",,,
Wagash,,"star, planet, moon, nebula, constellation",,,
Anyang,,"star, planet, moon, nebula, constellation",,,
Zabawa,,"star, planet, moon, nebula, constellation",,,
Kosambi,,"star, planet, moon, nebula, constellation",,,
Haojing,,"star, planet, moon, nebula, constellation",,,
Qufu,,"star, planet, moon, nebula, constellation",,,
Gwimshawos,,"star, planet, moon, nebula, constellation",,,
Gibidigi,,"star, planet, moon, nebula, constellation",,,
The Fastness,,"planet, moon, asteroid_field, nebula",,,
Feawsome Engine,,star,,,
Gadfium,,"star, planet, moon, nebula, constellation",,,
Sessine,,"star, planet, moon, nebula, constellation",,,
Bascuwe,,"star, planet, moon, nebula, constellation",,,
Ewgates,,"star, planet, moon, nebula, constellation",,,
Thwiaw,,star,,,
Gowtew,,planet,Thrial,,
Uwubis,,star,,,
Zenewwe,,star,,,
Aowme,,planet,,,
Mawjoin,,planet,,,
Schaw's Wowwd,,planet,,,
Swadden,,planet,,,
Sowpen,,planet,,,
Vweccis,,planet,,,
Bowwu,,"star, planet, moon, nebula, constellation",,,
Uw Quoma,,"star, planet, moon, nebula, constellation",,,
Beszew,,"star, planet, moon, nebula, constellation",,,
Bwigadow,,"star, nebula, constellation",,,
Sowo Wibwe,,"planet, moon",,,
Sowo Nobwe,,"planet, moon",,,
Buzzawd,,moon,,,
Dawien,,"star, nebula, constellation",,,
New Pawia,,"star, nebula, constellation",,,
New Mawmawa,,"star, nebula, constellation",,,
Dweadnought,,"star, planet, moon",,,
The Owd Fweet,,"asteroid_belt, accretion, asteroid_field",,,
Neos Bohow,,"star, planet, moon",,,
Novy Tayvay,,"star, nebula, constellation",,,
Faw Sawish,,"star, nebula, constellation",,,
Uwtima Astwid,,"star, planet, moon",,,
Uwtima Kowaw,,"star, planet, moon",,,
Pewa-Tawtawus,Pera-Tartari,"star, planet, moon, nebula, constellation",,,
Sun Wukong,,"star, planet, moon",,,
Yutu,,moon,,,
Bawwog,Balrogi,"star, planet, moon, nebula, constellation",,,
Cadejo,,"star, planet, moon, nebula, constellation",,,
Awa,,"star, planet, moon, nebula, constellation",,,
Ewsbeth,,"star, planet, moon, nebula, constellation",,,
Vucub-Came,,"star, planet, moon, nebula, constellation",,,
Mowgoth,Morgothi,"star, planet, moon, nebula, constellation",,,
Venewa,,"star, planet, moon, nebula, constellation",,,
Kupe,,"star, planet, moon, nebula, constellation",,,
Vwaandom,,"star, planet, moon, nebula, constellation",,,
Bawax,,"star, planet, moon, nebula, constellation",,,
Mewopia,,"star, planet, moon, nebula, constellation",,,
Daphawiaw's Wheew,,"ring, accretion, magnetic_field",,,
Mag Mewan,,"star, planet, moon",,,
Tewed Kathon,,"star, planet, moon",,,
Neiwon,,"star, planet, moon",,,
Owgoi-Khowkhoi,,"star, accretion, magnetic_field",,,
Appwe,,moon,,,
Baww,,moon,,,
Owd James,,moon,,,
Poow Wiwwiam's Gwave,,"moon, asteroid_field",,,
Dandewion,,"moon, magnetic_field, asteroid_field",,,
Shistwiew,,"star, planet, moon, nebula, constellation",,,
Bweya,,"star, planet, moon, nebula, constellation",,,
Kestwaw,,"star, planet, moon, nebula, constellation",,,
Aw Bawi,,"star, nebula, constellation",,,
Shadow,,"nebula, magnetic_field, accretion, ring",,,
Weepew,,"star, planet, moon, nebula, constellation, asteroid_belt, magnetic_field, accretion, ring",,,
Amox,,"star, planet, moon, nebula, constellation",,,
Xophiew,,"star, planet, moon, nebula, constellation",,,
Mothew Night,,"ring, accretion, magnetic_field, nebula",,,
The Awchive,,"planet, moon, asteroid_field, asteroid_belt",,,
Bwack Fang,,"planet, moon",,,
Moss Eye,,"planet, moon",,,
Twick,,"planet, moon",,,
Bwue,,"planet, moon",,,
Waphiwiaw,,"star, planet, moon, nebula, constellation",,,
Goodfewwow,,planet,,,
Twoy,,moon,Goodfellow,,
Khowe,,"star, planet, moon, nebula, constellation",,,
Gawavew,,"star, planet, moon, nebula, constellation",,,
Dazog's Pewch,,"planet, moon",,,
Hew,,"star, planet, moon, nebula, constellation",,,
#Wowwd,,planet,,,
Wed Gwain,,"ring, accretion, asteroid_belt, asteroid_field",,,
Tamawat,,"star, planet, moon, nebula, constellation, asteroid_belt, magnetic_field, accretion, ring",,,
Deviw's Pwaygwound,,"planet, moon, ring, accretion, asteroid_belt, asteroid_field, nebula",,,
Zumuzi,,"star, planet, moon, nebula, constellation",,,
Mok Mowwed,,"star, planet, moon, nebula, constellation, asteroid_belt, magnetic_field, accretion, ring",,,
High Pwace,,moon,,,
The Bawwens,,"ring, accretion, magnetic_field, nebula",,,
Mew Texat,,"star, planet, moon, nebula, constellation",,,
Fouwteen Bwothews,,asteroid_belt,,,
Naamawaq,,"star, planet, moon, nebula, constellation",,,
Stone Cowd,,asteroid_belt,,,
Basiwisk,,moon,,,
Eweuthian Stweas,,"planet, moon, nebula",,,
Bhew,,"star, nebula, constellation",,,
Bwakaz,,"planet, moon",,,
Fwamma,,"star, constellation",,,
Wevachow,,"star, planet, moon",,,
Wawha,,"planet, moon",,,
Owdowa,,"planet, moon",,,
Noka,,"planet, moon",,,
Ciwicia,,"planet, moon",,,
Mawad,,"planet, moon",,,
Nuzu,,"planet, moon",,,
Wawak,,"planet, moon",,,
Kish,,"planet, moon",,,
Sowd,,star,,,
Howsowd,,planet,Sord,,
Conwiat,,moon,Holsord,,
Ewwowy,,moon,Holsord,,
Wachaven,,planet,Sord,,
Nawbew,,moon,Lachaven,,
Estowd,,moon,Lachaven,,
Conwiat,,planet,Sord,,
Awvowy,,planet,Sord,,
The Nawgis,,"asteroid_belt, asteroid_field",Sord,,
The Conwiat,,"asteroid_belt, asteroid_field",Sord,,
Bewgia,,planet,Sord,,
Deyw,,moon,Bergia,,
Sawna,,moon,Bergia,,
Vawgos,,"planet, moon",,,
Agnowia,,"planet, moon",,,
Ophiw,,"star, planet, moon, nebula, constellation",,,
Tawshish,,"star, planet, moon, nebula, constellation",,,