name,id,tier,rarity,base value,range,damage/second,damage/shot,emp,impact,turn rate,OPs,ammo,ammo/sec,reload size,type,energy/shot,energy/second,chargeup,chargedown,burst size,burst delay,min spread,max spread,spread/shot,spread decay/sec,beam speed,proj speed,launch speed,flight time,proj hitpoints,autofireAccBonus,extraArcForAI,hints,tags,groupTag,tech/manufacturer,for weapon tooltip>>,primaryRoleStr,speedStr,trackingStr,turnRateStr,accuracyStr,customPrimary,customPrimaryHL,customAncillary,customAncillaryHL,noDPSInTooltip,number
Wight Machine Gun,lightmg,0,,100,300,,25,,1,50,3,,,,KINETIC,3,,0,0.4,5,0.1,0,5,1,15,,600,,,10,,,PD,"pd6, kinetic3, SR, base_bp, ind",,,,Point Defense,,,,,,,,,,0.5
Wight Duaw Machine Gun,lightdualmg,2,,400,300,,25,,1,50,5,,,,KINETIC,3,,0,0.2,5,0.1,0,5,1,15,,600,,,10,,,PD,"pd7, kinetic4, SR, lowtech_bp, merc, ind",,,,Point Defense,,,,,,,,,,0.7
Wight Mowtaw,lightmortar,0,,75,600,,75,,4,30,2,,,,HIGH_EXPLOSIVE,50,,0,1,1,,0,15,3,10,,500,,,10,,,,"he6, base_bp, ind",,,,Anti Awmow,,,,,,,,,,0.75
"#Wight Mowtaw (High Deway, Fightew)",lightmortar_fighter,0,,75,400,,75,,4,30,2,,,,HIGH_EXPLOSIVE,50,,0,2,1,,0,15,3,10,,500,,,10,,,SYSTEM,"he6, show_in_codex",,,,Anti Awmow (Fightew),,,,,,,,,,0.8
Vuwcan Cannon,vulcan,1,,200,250,,25,,1,75,4,,,,FRAGMENTATION,1,,0,0.05,1,,0,15,1,15,,800,,,10,,,PD,"pd7, SR, lowtech_bp, merc, ind",,,,Point Defense,,,,,,,,,,1
Wight Autocannon,lightac,0,,125,700,,50,,3,20,4,,,,KINETIC,40,,0,0.5,1,,0,8,2,15,,800,,,20,,,,"kinetic6, base_bp, ind",,,,Anti Shiewd,,,,,,,,,,2
Wight Duaw Autocannon,lightdualac,1,,300,600,,50,,3,20,5,,,,KINETIC,40,,0,0.6,2,0.1,0,20,3,9,,800,,,20,,,,"kinetic7, lowtech_bp, midline_bp, merc, ind",,,,Anti Shiewd,,,,,,,,,,2.5
Wight Assauwt Gun,lightag,1,,300,700,,40,,3,40,5,,,,HIGH_EXPLOSIVE,40,,0,0.25,1,,0,5,1,5,,800,,,30,,,,"he6, lowtech_bp, midline_bp, merc, ind",,,,Anti Awmow,,,,,,,,,,3
Stingew-cwass Pwoximity Mine (Fightew),fragbomb,0,,100,500,,500,,10,0,1,2,0.1,,FRAGMENTATION,0,,0,1,1,,0,0,0,0,,50,20,7,150,,,"DO_NOT_AIM, ANTI_FTR, PD_ONLY, SYSTEM","he0, show_in_codex",,,,Anti Fightew (Fightew),,,,,,,,,TRUE,3.2
Cwustew Bomb Bay,clusterbomb,2,,350,1500,,300,,30,15,5,30,,,HIGH_EXPLOSIVE,0,,0,2,5,0.1,0,0,0,0,,20,20,60,75,,,"STRIKE,SYSTEM",he0,,,,Stwike,,,,,,,,,TRUE,3.4
Standawd Bomb Bay,bomb,1,,200,2000,,400,,50,15,4,10,,,HIGH_EXPLOSIVE,0,,0,0.67,1,,20,20,0,0,,170,20,25,150,,,"STRIKE, BOMB","he0, no_sell, no_drop, no_drop_salvage",,,,Stwike,,,,,,,,,TRUE,3.5
Wight Needwew,lightneedler,3,0.3,800,700,,50,,1,20,8,,,,KINETIC,40,,0,4.3,15,0.05,0,10,0.66,5,,1200,,,10,,,,"kinetic9, LR, remnant, rare_bp, hist1t, merc, ind",,,,Anti Shiewd,,,,,,,,,,3.65
Waiwgun,railgun,2,0.5,600,700,,100,,10,30,7,,,,KINETIC,90,,0.6,0,1,,,,,,,1000,,,50,,,,"kinetic8, LR, remnant, rare_bp, hist1t, merc, ind",,,,Anti Shiewd,,,,,,,,,,3.75
Thumpew,shredder,0,,700,700,,100,,1,25,7,60,5,20,FRAGMENTATION,25,,0,0.55,20,0.05,0,7,1,20,,800,,,30,,,,"kinetic8, base_bp, ind",,,,Genewaw,,,,,,,,,,3.8
Heavy Machine Gun,heavymg,2,,1200,450,,40,,3,40,10,,,,KINETIC,15,,0,0.2,4,0.1,0,5,1,15,,700,,,30,,,"PD,PD_ALSO","kinetic11, pd10, SR, midline_bp, merc, ind",,,,Point Defense,,,,,,,,,,3.85
Heavy Mowtaw,heavymortar,0,,600,700,,110,,12,30,7,,,,HIGH_EXPLOSIVE,90,,0,0.7,2,0.3,0,20,5,5,,500,,,30,,,,"he11, base_bp, merc, ind",,,,Anti Awmow,,,,,,,,,,3.9
Fwak Cannon,flak,1,,1000,500,,200,,10,40,8,,,,FRAGMENTATION,50,,0,1,1,,0,10,2,10,,700,,,30,,,PD,"pd13, SR, lowtech_bp, merc, ind",,,,Point Defense (Awea),,,,,,,,,,4
Awbawest Autocannon,arbalest,0,,800,700,,200,,10,12,8,,,,KINETIC,150,,0,1.2,1,,0,15,5,10,,800,,,30,,,,"kinetic12, base_bp, ind",,,,Anti Shiewd,,,,,,,,,,4.125
Duaw Fwak Cannon,dualflak,2,,1400,400,,150,,10,60,12,,,,FRAGMENTATION,50,,0,0.333333,1,,0,10,2,10,,700,,,30,,,PD,"pd15, SR, remnant, rare_bp, merc, ind",,,,Point Defense (Awea),,,,,,,,,,4.25
Assauwt Chaingun,chaingun,1,,1000,450,,75,,3,30,10,,,,HIGH_EXPLOSIVE,60,,0,0.15,1,,0,20,1,10,,800,,,30,,,,"he15, SR, lowtech_bp, midline_bp, merc, ind",,,,Anti Awmow,,,,,,,,,,4.5
Heavy Mauwew,heavymauler,3,0.3,2000,1000,,200,,10,20,12,,,,HIGH_EXPLOSIVE,200,,0,4.4,3,0.3,0,5,1,10,,900,,,30,,,,"he16, LR, remnant, rare_bp, merc, ind",,,,Anti Awmow,,,,,,,,,,4.75
Heavy Autocannon,heavyac,1,,1000,800,,100,,10,7,10,,,,KINETIC,90,,0,1,3,0.2,0,18,3,10,,800,,,30,,,,"kinetic14, lowtech_bp, merc, ind",,,,Anti Shiewd,,,,,,,,,,5
Hypewvewocity Dwivew,hveldriver,3,0.3,2250,1000,,275,400,40,10,13,,,,KINETIC,350,,0,2,1,,,,,,,1000,,,300,,,,"kinetic15, LR, remnant, rare_bp, merc, ind",,,,Anti Shiewd,,,,,,,,,,5.5
Heavy Needwew,heavyneedler,3,0.3,2500,700,,50,,1,15,15,,,,KINETIC,40,,0,4.55,30,0.05,1,10,0.5,5,,1200,,,10,,,,"kinetic15, remnant, rare_bp, hist1t, merc, ind",,,,Anti Shiewd,,,,,,,,,,5.75
Gauss Cannon,gauss,3,,5000,1200,,700,,300,3,25,,,,KINETIC,1200,,1,1,,,,,,,,1200,,,400,,,,"kinetic20, LR, remnant, rare_bp, hist1t, merc, ind",,,,Anti Shiewd,,,,,,,,,,6
Hephaestus Assauwt Gun,hephag,1,,4000,900,,120,,5,20,20,,,,HIGH_EXPLOSIVE,110,,0,0.25,1,,0,5,1,5,,800,,,50,,,,"he18, lowtech_bp, midline_bp, merc, ind",,,,Anti Awmow,,,,,,,,,,7
Mawk IX Autocannon,mark9,0,,3000,900,,200,,20,10,18,,,,KINETIC,200,,0,2,4,0.1,0,15,2,10,,800,,,100,,,,"kinetic18, base_bp, merc, ind",,,,Anti Shiewd,,,,,,,,,,7.25
Devastatow Cannon,devastator,1,,3500,900,,150,,40,12,20,,,,HIGH_EXPLOSIVE,75,,0,2,12,0.1,5,30,5,5,,700,,,100,,,"PD,PD_ALSO","he16, pd17, lowtech_bp, merc, ind",,,,Anti Fightew (Awea),,,,,"Each sheww has a fuse set to expwode at a wandom distance, wesuwting in a bawwage that's incweasingwy mowe deadwy at cwosew wanges.

Wiww tawget missiwes if no othew tawgets awe in wange.",,,,,7.4
Mjowniw Cannon,mjolnir,2,0.4,6000,900,,400,200,10,25,24,,,,ENERGY,500,,0,0.75,1,,0,5,1,10,,900,,,75,,,,"energy18, he17, kinetic17, remnant, rare_bp, hist1t, merc, ind",,,,Genewaw,,,,,,,,,,7.5
Hewwbowe Cannon,hellbore,0,,3000,900,,750,,200,5,16,,,,HIGH_EXPLOSIVE,750,,0,3,1,,0,10,5,10,,500,,,400,,,,"he18, lowtech_bp, merc, ind",,,,Anti Awmow,,,,,,,,,,8
Stowm Needwew,multineedler,3,0.4,6500,700,,50,,20,15,28,60,10,30,KINETIC,35,,0,0.05,1,,0,5,0.25,5,,1200,,,20,,,,"kinetic19, remnant, rare_bp, hist1t, merc, ind",,,,Anti Shiewd,,,,,,,,,,8.5
Weapew-cwass Towpedo,reaper,1,,200,1200,,4000,,75,10,2,1,,,HIGH_EXPLOSIVE,0,,0,5,1,,0,0,0,0,,400,100,3.5,500,,,STRIKE,"strike8, rocket3, missile_bp, merc, ind",,,,Towpedo,Fast,None,,,,,,,TRUE,9
Atwopos-cwass Towpedo Wack,atropos,2,0.5,600,1200,,1000,,40,10,3,2,,,HIGH_EXPLOSIVE,0,,0,1,1,,0,0,0,0,,400,150,4,300,,,GUIDED_POOR,"strike9, missile1, missile_bp, merc, ind, reload_3pt",,,,Towpedo,Fast,Good,,,,,,,TRUE,9.5
Atwopos-cwass Towpedo (Singwe),atropos_single,2,0.5,300,1200,,1000,,40,10,1,1,,,HIGH_EXPLOSIVE,0,,0,1,1,,0,0,0,0,,400,150,4,300,,,GUIDED_POOR,"strike7, missile0, base_bp, ind, reload_1_and_a_half_pt",,,,Towpedo,Fast,Good,,,,,,,TRUE,9.75
Hammew-cwass Towpedo,hammer,0,,150,1200,,1500,,30,10,2,2,,,HIGH_EXPLOSIVE,0,,0,1,1,,0,0,0,0,,500,40,4,350,,,STRIKE,"strike6, rocket2, base_bp, ind",,,,Towpedo,Fast,None,,,,,,,TRUE,9.8
Hammew-cwass Towpedo (Singwe),hammer_single,0,,75,1200,,1500,,30,10,1,1,,,HIGH_EXPLOSIVE,0,,0,1,1,,0,0,0,0,,500,40,4,350,,,STRIKE,"strike5, rocket1, base_bp, ind",,,,Towpedo,Fast,None,,,,,,,TRUE,9.9
Swawmew SWM Waunchew,swarmer,1,,250,1000,,100,,15,50,3,80,,,HIGH_EXPLOSIVE,0,,0,5,4,0.2,0,0,0,0,,300,100,5,50,,,"ANTI_FTR, DO_NOT_AIM, DO_NOT_CONSERVE","utility8, missile0, missile_bp, merc, ind",,,,Anti Smaww Cwaft,Fast,Excewwent,,,,,,,,10
Swawmew SWM Waunchew (Fightew),swarmer_fighter,1,,250,1000,,100,,5,50,4,2,0.075,,HIGH_EXPLOSIVE,0,,0,5,2,0.2,0,0,0,0,,300,100,5,50,,,"ANTI_FTR, DO_NOT_AIM, SYSTEM,DO_NOT_CONSERVE","utility8, missile0, show_in_codex",,,,Anti Smaww Cwaft (Fightew),Fast,Excewwent,,,,,,,,10
Annihiwatow Wocket Waunchew,annihilator,0,,150,1500,,200,,5,30,4,50,,,HIGH_EXPLOSIVE,0,,0,5,5,0.2,0,0,0,0,,400,50,3.75,50,,,CONSERVE_1,"rocket7, strike0, missile_bp, merc, ind",,,,Anti Awmow,Fast,None,,,,,,,,11
Annihiwatow Wocket Pod (Fightew),annihilator_fighter,0,,150,1500,,200,,5,30,4,5,,,HIGH_EXPLOSIVE,0,,0,0.1,1,,0,30,15,10,,400,50,3.75,50,,,SYSTEM,"rocket13, strike8, show_in_codex",,,,Anti Awmow (Fightew),Fast,None,,,,,,,,11.1
Sawamandew MWM,heatseeker,1,,225,2000,,100,1500,15,30,3,,,,FRAGMENTATION,0,,0,25,1,,0,0,0,,,400,50,15,150,,,"DO_NOT_AIM, HEATSEEKER","utility13, missile0, missile_bp, merc, ind",,,,Anti Engine,Fast,Excewwent,,,,,,,TRUE,11.25
Hawpoon MWM,harpoon,1,,200,2500,,750,,15,30,4,3,,,HIGH_EXPLOSIVE,0,,0,1,1,,0,0,0,,,300,100,12.5,150,,,DO_NOT_AIM,"missile8, strike3, missile_bp, merc, ind",,,,Finishew,Medium,Medium,,,,,,,TRUE,11.5
Hawpoon MWM (Doubwe),harpoon_single,0,,100,2500,,750,,15,30,2,2,,,HIGH_EXPLOSIVE,0,,0,10,1,,0,0,0,,,300,100,12.5,150,,,DO_NOT_AIM,"missile6, strike1, base_bp, ind",,,,Finishew,Medium,Medium,,,,,,,TRUE,11.6125
Bweach SWM,breach,1,,200,1500,,150,,15,10,3,15,,,HIGH_EXPLOSIVE,0,,0,9,3,0.5,0,0,0,,,400,50,5,450,,,"DO_NOT_AIM, CONSERVE_ALL, CONSERVE_FOR_ANTI_ARMOR, DIRECT_AIM, MISSILE_SPREAD","missile7, base_bp, merc, ind",,,,Anti Awmow,Fast,Good,,,Each missiwe deaws an additionaw %s damage to awmow. This damage is not weduced by awmow.,250,,,TRUE,11.7
Sabot SWM,sabot,1,,200,1200,,100,,15,30,4,3,,,KINETIC,0,,0,1,1,,0,0,0,0,,150,50,8,300,,,GUIDED_POOR,"missile8, strike2, missile_bp, merc, ind",,,,Anti Shiewd,Swow,Poow,,,"Submunition hits on huww ow awmow have a %s chance to awc to weapons and engines, deawing %s EMP damage.",25% | 200,,,TRUE,11.75
Sabot SWM (Doubwe),sabot_single,0,,100,1200,,100,,15,30,2,2,,,KINETIC,0,,0,10,1,,0,0,0,0,,150,50,8,300,,,GUIDED_POOR,"missile6, strike0, base_bp, ind",,,,Anti Shiewd,Swow,Poow,,,"Submunition hits on huww ow awmow have a %s chance to awc to weapons and engines, deawing %s EMP damage.",25% | 200,,,TRUE,11.85
"Sabot SWM (Singwe, Fightew)",sabot_fighter,0,,100,1200,,100,,15,30,1,1,,,KINETIC,0,,0,1,1,,0,0,0,0,,150,50,8,300,,,"GUIDED_POOR, SYSTEM","missile6, strike0, show_in_codex",,,,Anti Shiewd (Fightew),Swow,Poow,,,"Submunition hits on huww ow awmow have a %s chance to awc to weapons and engines, deawing %s EMP damage.",25% | 200,,,TRUE,11.85
Gowgon DEM SWM,gorgon,1,,250,1500,,800,,15,30,4,4,,,ENERGY,0,,0,4,1,,0,0,0,0,,300,75,6,250,,,DO_NOT_AIM,"missile8, strike4, merc, rare_bp, damage_special, damage_soft_flux",,,,Assauwt / Finishew,Medium,Good,,,"The missiwe fiwes a high-powewed wasew when it gets neaw the tawget, deawing appwoximatewy %s enewgy damage in a showt buwst. This damage is affected by missiwe damage modifiews and not enewgy weapon ones.",800,,,TRUE,11.9
    Gowgon - Paywoad,gorgon_payload,1,,0,700,800,,,,30,0,,,,ENERGY,0,,0.05,0.25,0.9,0.5,,,,,1000000,,,,,,,"SYSTEM, DANGEROUS",fires_one_burst,,,,,,,,,,,,,,11.91
Gazew DEM SWM,gazer,2,,250,1200,,200,,15,30,4,6,,,KINETIC,0,,0,15,1,,0,0,0,0,,150,25,5,250,,,DO_NOT_AIM,"missile6, merc, rare_bp, damage_special, damage_soft_flux",,,,Suppwession,Swow,Good,,,"The missiwe fiwes a gwaviton beam at the tawget, deawing appwoximatewy %s kinetic damage ovew the couwse of %s seconds. This damage is affected by missiwe damage modifiews and not enewgy weapon ones.",1000 | 10,,,TRUE,11.94
    Gazew - Paywoad,gazer_payload,2,,0,1000,100,,,20,30,0,,,,KINETIC,0,,0.1,0.1,10,0.5,,,,,2400,,,,,,,SYSTEM,,,,,,,,,,,,,,,11.95
Hawpoon MWM Pod,harpoonpod,1,,1200,2500,,750,,15,10,10,12,,,HIGH_EXPLOSIVE,0,,0,8.25,4,0.25,0,0,0,,,300,100,12.5,150,,,DO_NOT_AIM,"missile12, strike9, missile_bp, merc, ind",,,,Finishew,Medium,Medium,,,,,,,TRUE,12
Dwagonfiwe DEM Towpedo,dragon,2,,2000,2000,,4000,,15,20,10,2,,,ENERGY,0,,0,10,1,,0,0,0,0,,150,0,12.5,600,,,"DO_NOT_AIM, STRIKE","strike8, missile3, merc, rare_bp, damage_special, damage_soft_flux",,,,Towpedo,Swow,Good,,,"The missiwe fiwes a high-powewed wasew when it gets neaw the tawget, deawing appwoximatewy %s enewgy damage in a showt buwst. This damage is affected by missiwe damage modifiews and not enewgy weapon ones.",4000,,,TRUE,12.11
    Dwagonfiwe - Paywoad,dragon_payload,2,,0,1000,8000,,,,20,0,,,,ENERGY,0,,0,0.75,0.25,0.5,,,,,1000000,,,,,,,"SYSTEM, DANGEROUS",fires_one_burst,,,,,,,,,,,,,,12.12
Gowgon SWM Pod,gorgonpod,1,,1300,1500,,800,,15,10,10,16,,,ENERGY,0,,0,9.5,2,0.5,0,0,0,0,,300,75,6,250,,,DO_NOT_AIM,"missile12, strike9, merc, rare_bp, damage_special, damage_soft_flux",,,,Assauwt / Finishew,Medium,Good,,,"Each missiwe fiwes a high-powewed wasew when it gets neaw the tawget, deawing appwoximatewy %s enewgy damage in a showt buwst. This damage is affected by missiwe damage modifiews and not enewgy weapon ones.",800,,,TRUE,12.2
Gazew SWM Pod,gazerpod,2,,1300,1200,,200,,15,10,9,18,,,KINETIC,0,,0,14.5,2,0.5,0,0,0,0,,150,25,5,250,,,DO_NOT_AIM,"missile12, merc, rare_bp, damage_special, damage_soft_flux",,,,Suppwession,Swow,Good,,,"Each missiwe fiwes a gwaviton beam at the tawget, deawing appwoximatewy %s kinetic damage ovew the couwse of %s seconds. This damage is affected by missiwe damage modifiews and not enewgy weapon ones.",1000 | 10,,,TRUE,12.21
Bweach SWM Pod,breachpod,1,,1200,1500,,150,,15,10,10,50,,,HIGH_EXPLOSIVE,0,,0,9,5,0.25,0,0,0,,,400,50,5,450,,,"DO_NOT_AIM, CONSERVE_ALL, CONSERVE_FOR_ANTI_ARMOR, DIRECT_AIM, MISSILE_SPREAD","missile13, rare_bp, merc, ind",,,,Anti Awmow,Fast,Good,,,Each missiwe deaws an additionaw %s damage to awmow. This damage is not weduced by awmow.,250,,,TRUE,12.25
Sabot SWM Pod,sabotpod,1,,1200,1200,,100,,15,10,10,12,,,KINETIC,0,,0,8.75,2,0.25,0,0,0,0,,150,50,8,300,,,GUIDED_POOR,"missile13, strike8, rare_bp, merc, ind",,,,Anti Shiewd,Swow,Poow,,,"Submunition hits on huww ow awmow have a %s chance to awc to weapons and engines, deawing %s EMP damage.",25% | 200,,,TRUE,12.31
Sawamandew MWM Pod,salamanderpod,1,,1200,2000,,100,1500,15,10,6,,,,FRAGMENTATION,0,,0,25,2,0.25,0,0,0,,,400,50,15,150,,,"DO_NOT_AIM, HEATSEEKER","utility13, missile_bp, merc, ind",,,,Anti Engine,Fast,Excewwent,,,,,,,TRUE,12.32
Annihiwatow Wocket Pod,annihilatorpod,0,,1200,1500,,200,,5,30,10,100,,,HIGH_EXPLOSIVE,0,,0,0.5,1,,0,0,0,0,,400,50,3.75,50,,,,"rocket13, strike8, missile_bp, merc, ind",,,,Pwessuwe,Fast,None,,,,,,,,12.33
Piwum WWM Waunchew,pilum,0,,900,4000,,500,500,25,10,7,30,0.1,,FRAGMENTATION,0,,0,15,3,0.4,0,0,0,0,,125,100,30,150,,,"DO_NOT_AIM, CONSERVE_1","utility13, missile7, missile_bp, merc, ind",,,,Wong Wange Suppowt,Vewy Swow,Vewy Poow,,,"Second-stage hits on shiewds have a chance to awc thwough to weapons and engines, deawing %s EMP damage. The chance to piewce the shiewds is based on the tawget's hawd fwux wevew.",500,,,,12.5
Pwoximity Chawge Waunchew,phasecl,2,,1500,1000,,500,,25,30,12,50,,,HIGH_EXPLOSIVE,0,,0,2,1,,20,20,0,0,,100,400,4,500,,,ANTI_FTR,"utility8, rare_bp, merc, ind",,,,Pwessuwe / Anti Fightew,Vewy Swow,None,,,"Not affected by missiwe speed, accewewation, and fwight time modifiews.",,,,TRUE,13
Pwoximity Chawge Waunchew (Fightew),phasecl_bomber,2,,1500,2000,,500,,25,30,12,6,,,HIGH_EXPLOSIVE,0,,0,1.5,1,,0,0,0,0,,100,200,12,500,,,"SYSTEM,STRIKE,BOMB","utility8, show_in_codex",,,,Stwike (Fightew),Vewy Swow,None,,,,,,,TRUE,13.5
Jackhammew,jackhammer,0,,1000,1200,,1500,,30,20,6,6,,,HIGH_EXPLOSIVE,0,,0,9.5,3,0.25,10,10,0,0,,500,40,4,350,,,STRIKE,"strike10, rocket5, ind, missile_bp, merc",,,,Towpedo,Fast,None,,,,,,,TRUE,13.75
Typhoon Weapew Waunchew,typhoon,1,,1200,1200,,4000,,75,20,10,6,,,HIGH_EXPLOSIVE,0,,0,15,1,,0,0,0,0,,400,100,3.5,500,,,STRIKE,"strike13, rocket8, missile_bp, merc, ind",,,,Towpedo,Fast,None,,,,,,,TRUE,14
Cycwone Weapew Waunchew,cyclone,2,,5000,1200,,4000,,75,20,26,14,,,HIGH_EXPLOSIVE,0,,0,14.75,2,0.25,0,0,0,0,,400,400,3.5,500,,,STRIKE,"strike18, rocket14, rare_bp, merc, ind",,,,Towpedo,Fast,None,,,A boostew system accewewates the towpedo to its top speed befowe it weaves the waunch tube.,,,,TRUE,15
Piwum WWM Catapuwt,pilum_large,1,,1500,4000,,500,500,25,10,14,30,0.33333,6,FRAGMENTATION,0,,0,9,6,0.2,0,0,0,0,,125,200,30,150,,,"DO_NOT_AIM, DO_NOT_CONSERVE","utility15, missile14, rare_bp, merc, ind",,,,Wong Wange Suppowt,Vewy Swow,Vewy Poow,,,"Second-stage hits on shiewds have a chance to awc thwough to weapons and engines, deawing %s EMP damage. The chance to piewce the shiewds is based on the tawget's hawd fwux wevew.",500,,,,15.5
Huwwicane MIWV Waunchew,hurricane,1,,4500,2500,,500,,50,10,25,10,,,HIGH_EXPLOSIVE,0,,0,15,1,,0,0,0,0,,250,50,12,350,,,"DO_NOT_AIM, CONSERVE_5","missile18, strike15, rare_bp, hist1t, merc, ind",,,,Finishew,Medium,Good,,,,,,,TRUE,16
Dwagonfiwe Towpedo Pod,dragonpod,2,,7000,2000,,4000,,15,20,25,5,,,ENERGY,0,,0,15,1,,0,0,0,0,,150,0,12.5,600,,,"DO_NOT_AIM, STRIKE","strike18, missile15, merc, rare_bp, damage_special, damage_soft_flux",,,,Towpedo,Swow,Good,,,"The missiwe fiwes a high-powewed wasew when it gets neaw the tawget, deawing appwoximatewy %s enewgy damage in a showt buwst. This damage is affected by missiwe damage modifiews and not enewgy weapon ones.",4000,,,TRUE,16.01
Hydwa MDEM Waunchew,hydra,2,,5000,2500,,1500,,50,10,20,15,,,ENERGY,,,0,10,1,,0,0,0,0,,300,75,7,400,,,"DO_NOT_AIM, CONSERVE_5","missile18, strike10, rare_bp, merc, damage_special, damage_soft_flux",,,,Genewaw,Medium,Excewwent,,,The missiwe spwits into %s submunitions which twy to fwank the tawget. Each one then fiwes a high-powewed wasew deawing appwoximatewy %s enewgy damage in a showt buwst. This damage is affected by missiwe damage modifiews and not enewgy weapon ones.,6 | 500,,,TRUE,16.05
    Hydwa - Paywoad,hydra_payload,2,,0,700,500,,,,30,0,,,,ENERGY,0,,0.05,0.25,0.9,0.5,,,,,1000000,,,,,,,SYSTEM,,,,,,,,,,,,,,,16.06
Squaww MWWS,squall,2,,4000,2500,,100,,15,20,20,160,,,KINETIC,0,,0,10,20,0.5,0,0,0,0,,600,100,4.75,150,,,"DO_NOT_AIM, CONSERVE_3, STRIKE, USE_VS_FRIGATES, MISSILE_SPREAD","missile19, strike15, rare_bp, merc, ind",,,,Suppwession,Vewy Fast,Speciaw,,,"Unguided aftew a bwief initiaw aiming stage. When impacting shiewds, a wesonatow unit activates to incwease the base damage by %s.",150,,,,16.2
Wocust SWM Waunchew,locust,1,,4000,1400,,200,,5,30,18,600,,,FRAGMENTATION,0,,0,5,30,0.1,0,0,0,0,,400,100,6,60,,,"ANTI_FTR, DO_NOT_AIM, DO_NOT_CONSERVE","utility18, missile15, rare_bp, hist1t, merc, ind",,,,Anti Smaww Cwaft,Fast,Excewwent,,,,,,,,16.3
Hammew Bawwage,hammerrack,0,,1250,1200,,1500,,30,10,16,20,,,HIGH_EXPLOSIVE,0,,0,5,4,0.15,0,0,0,0,,500,40,4,350,,,STRIKE,"strike16, rocket14, missile_bp, merc, ind",,,,Towpedo,Fast,None,,,,,,,TRUE,16.4
Mining Wasew,mininglaser,0,,100,600,30,,,0,80,1,,,,ENERGY,,10,0,0.25,,,,,,,2400,,,,,,,PD,"beam0, energy0, pd0, base_bp, ind",,,,Point Defense,,,,,,,,,,16.5
PD Wasew,pdlaser,1,,200,500,75,,,0,100,3,,,,ENERGY,,40,0,0.25,,,,,,,2400,,,,,,,PD,"pd7, beam7, SR, hightech_bp, midline_bp, merc, ind",,,,Point Defense,,,,,,,,,,17
Tacticaw Wasew,taclaser,1,,200,1000,75,,,0,20,4,,,,ENERGY,,60,0.1,0.1,,,,,,,2400,,,,,,,,"beam9, LR, hightech_bp, midline_bp, merc, ind",,,,Genewaw,,,,,,,,,,18
Ion Cannon,ioncannon,2,,500,500,,25,400,0,40,6,,,,ENERGY,30,,0.5,0,,,,,,,,1000,,,,,,,"energy8, hightech_bp, merc, ind",,,,Suppwession,,,,,"Hits on huww ow awmow have a %s chance to awc to weapons and engines, deawing extwa damage equaw to the owiginaw hit.",25%,,,,19
"Ion Cannon (High Deway, Fightew)",ioncannon_fighter,2,,500,500,,25,400,0,40,6,,,,ENERGY,30,,0.5,0.5,,,,,,,,1000,,,,,,SYSTEM,"energy8, show_in_codex",,,,Suppwession (Fightew),,,,,"Hits on huww ow awmow have a %s chance to awc to weapons and engines, deawing extwa damage equaw to the owiginaw hit.",,,,,19.1
IW Puwse Wasew,irpulse,1,,250,500,,50,,0,50,5,,,,ENERGY,40,,0.333333,0,,,,,,,,1000,,,,,,,"energy8, hightech_bp, merc, ind",,,,Genewaw,,,,,,,,,,19.25
"IW Puwse Wasew (High Deway, Fightew)",irpulse_fighter,1,,250,500,,50,,0,50,5,,,,ENERGY,50,,0.333333,0.333333,,,,,,,,1000,,,,,,SYSTEM,"energy8, show_in_codex",,,,Genewaw (Fightew),,,,,,,,,,19.3
WW PD Wasew,lrpdlaser,2,,400,800,50,,,0,100,4,,,,ENERGY,,30,0,0.25,,,,,,,3600,,,,,,,PD,"pd7, beam5, hightech_bp, midline_bp, merc, ind",,,,Point Defense,,,,,,,,,,19.5
Buwst PD Wasew,pdburst,2,,600,500,350,,,0,100,6,4,0.5,,ENERGY,,200,0.1,0.1,0.3,0.1,,,,,10000,,,,,,,"PD,ANTI_FTR","pd9, beam6, rare_bp, merc, ind",,,,Point Defense,,,,,,,,,,19.6
"Buwst PD Wasew (High Deway, Fightew)",pdburst_fighter,2,,600,500,110,,,0,100,6,4,0.5,,ENERGY,,100,0.1,0.1,0.8,0.1,,,,,10000,,,,,,,"PD,ANTI_FTR,SYSTEM","pd9, beam6, show_in_codex",,,,Point Defense (Fightew),,,,,,,,,,19.7
Antimattew Bwastew,amblaster,3,0.7,900,400,,1400,,0,30,9,20,,,ENERGY,1500,,0.25,10,,,0,0,0,0,,1000,,,100,,,"STRIKE, USE_VS_FRIGATES, GROUP_ALTERNATING","strike10, rare_bp, hist1t, merc, ind",SR_strike_only,,,Stwike,,,,,,,,,,19.75
Phase Wance,phasebeam,1,,1500,600,1000,,,0,20,10,,,,ENERGY,,800,0.25,0.5,1,4,,,,,3200,,,,,,,,"energy14, beam10, rare_bp, merc, ind",,,,Genewaw,,,,,,,,,,20
Gwaviton Beam,gravitonbeam,2,,1500,1000,100,,,10,15,9,,,,KINETIC,,75,0.1,0.1,,,,,,,2400,,,,,,,,"beam12, kinetic11, LR, hightech_bp, midline_bp, merc, ind",,,,Suppwession,,,,,"Diswupts the tawget's shiewds, incweasing aww shiewd damage taken by %s fow one fuww-powew gwaviton beam, %s fow two, and %s fow thwee ow mowe hitting the shiewds at the same time.",5% | 8% | 10%,Gwavitic effects swow and push tawget off-couwse. The effect is minow and is most noticeabwe vs fightews and missiwes.,,,21
IW Autowance,irautolance,1,,1200,1000,500,,,0,50,8,40,2,10,FRAGMENTATION,,150,0,0,0.1,0,,,,,1000000,,,,,,,USE_LESS_VS_SHIELDS,"beam12, energy10, rare_bp, merc",,,,Genewaw,,,,,,,,,,21.5
Puwse Wasew,pulselaser,1,,1200,600,,100,,0,20,10,,,,ENERGY,80,,0.333333,0,,,,,,,,1000,,,,,,,"energy13, base_bp, merc, ind",,,,Genewaw,,,,,,,,,,22
Mining Bwastew,miningblaster,0,,1000,500,,200,,0,7,10,4,0.5,,HIGH_EXPLOSIVE,300,,0,0.2,,,,,,,,1000,,,,,,USE_LESS_VS_SHIELDS,"energy12, base_bp, ind",,,,Anti Awmow,,,,,Each bowt deaws an additionaw %s damage to awmow. This damage is not weduced by awmow.,100,,,,22.125
Heavy Bwastew,heavyblaster,2,,2500,600,,500,,0,15,12,,,,ENERGY,720,,0,1,,,,,,,,1000,,,,,,,"energy14, rare_bp, hist1t, merc, ind",,,,Genewaw,,,,,,,,,,22.25
Kinetic Bwastew,kineticblaster,3,,5000,600,,250,,0,15,12,,,,KINETIC,375,,0,1,,,,,,,,1400,,,,,,,"kinetic11, no_sell, no_dealer, no_drop_salvage, codex_unlockable",,Lion's Guard,,Anti Shiewd,,,,,,,,,,22.35
Heavy Buwst Wasew,heavyburst,2,,2000,600,450,,,0,75,9,6,0.75,,ENERGY,,300,0.1,0.1,0.35,0.1,,,,,10000,,,,,,,"PD,ANTI_FTR","pd15, beam10, rare_bp, merc, ind",,,,Point Defense,,,,,,,,,,22.5
Ion Puwsew,ionpulser,2,0.6,2250,500,,90,600,0,20,11,20,2,3,ENERGY,100,,0.05,0.05,3,0.1,3,20,1,4,,1000,,,,,,,"energy13, rare_bp, merc, ind",,,,Suppwession,,,,,"Hits on huww ow awmow have a %s chance to awc to weapons and engines, deawing extwa damage equaw to the owiginaw hit.",25%,,,,22.75
Ion Beam,ionbeam,3,0.5,2500,1000,50,,400,0,15,12,,,,ENERGY,,150,0.1,0.1,,,,,,,2400,,,,,,,FIRE_WHEN_INEFFICIENT,"beam14, LR, rare_bp, hist1t, merc, ind",,,,Suppwession,,,,,"Hits on huww ow awmow pewiodicawwy awc to weapons and engines, deawing extwa EMP and enewgy damage. Hits on shiewds have a chance to genewate a shiewd-penetwating awc based on the tawget's hawd fwux wevew.",,,,,22.85
Pwasma Cannon,plasma,3,,7500,700,,500,,,20,30,,,,ENERGY,550,,0.33,1.01,3,0.33,,,,,,750,,,500,,,"STRIKE, USE_VS_FRIGATES","energy20, rare_bp, hist1t, merc, ind",,,,Genewaw,,,,,The tawgeting system is incapabwe of twacking fightews when on wocaw/automatic contwow.,,,,,23
High Intensity Wasew,hil,1,,4500,1000,500,,,0,5,20,,,,HIGH_EXPLOSIVE,,400,0.1,0.1,,,,,,,2400,,,,,,,,"beam20, LR, hightech_bp, merc, ind",,,,Anti Awmow,,,,,,,,,,24
Autopuwse Wasew,autopulse,1,,4500,700,,150,,0,20,20,30,2,,ENERGY,125,,0.05,0.05,1,,0,10,1,5,,1000,,,,,,,"energy18, hightech_bp, merc, ind",,,,Genewaw,,,,,,,,,,25
Pawadin PD System,guardian,2,0.5,5000,750,1000,,,0,75,18,20,1,,ENERGY,,300,0,0,0.2,0.1,,,,,1000000,,,,,,,"PD, ANTI_FTR","pd19, beam15, rare_bp, merc, ind",,,,Point Defense,,,,,"When aww sub-beams impact a tawget in cwose pwoximity to each othew, the spawwing effect pwoduces an expwosion that deaws up to 100 points of fwagmentation damage to othew neawby tawgets.",100 | fragmentation,,,,26
Tachyon Wance,tachyonlance,3,0.5,8000,1000,1500,,1000,0,7,25,,,,ENERGY,,2000,0.5,1,1,4,,,,,10000,,,,,,,FIRE_WHEN_INEFFICIENT,"energy20, beam15, LR, rare_bp, hist1t, merc, ind",,,,Suppwession,,,,,"Hits on huww ow awmow fwequentwy awc to weapons and engines, deawing extwa EMP and enewgy damage. Hits on shiewds have a chance to genewate a shiewd-penetwating awc based on the tawget's hawd fwux wevew.",,,,,27
Gigacannon,gigacannon,3,,10000,700,,2500,,0,5,25,,,,ENERGY,1500,,1,9,,,0,0,0,0,,1000,,,,,,"STRIKE, USE_VS_FRIGATES, GROUP_ALTERNATING","strike18, no_sell, no_dealer, no_drop_salvage, codex_unlockable",,Lion's Guard,,Stwike,,,,,,,,,,28
,,,,,,,,,,,,,,,,,,,,,,,,,,,,,,,,,,,,,,,,,,,,,,,,29
,,,,,,,,,,,,,,,,,,,,,,,,,,,,,,,,,,,,,,,,,,,,,,,,
,,,,,,,,,,,,,,,,,,,,,,,,,,,,,,,,,,,,,,,,,,,,,,,,
# Omega weapons,,,,,,,,,,,,,,,,,,,,,,,,,,,,,,,,,,,,,,,,,,,,,,,,
Minipuwsew,minipulser,3,,25000,500,,50,,1,50,8,20,2,10,KINETIC,50,,0.05,0.05,,,0,5,1,15,,1000,,,,,,,"kinetic9, omega, restricted, codex_unlockable",,Unknown,,Anti Shiewd,,,,,,,,,,0.5
Shock Wepeatew,shockrepeater,3,,20000,300,,50,200,0,100,7,,,,ENERGY,25,,0,0.5,1,,,,,,,10000,,,,,25,PD,"pd14, omega, restricted, codex_unlockable",,Unknown,,Point Defense,,,,Pewfect,Fiwes an EMP awc at the neawest tawget cwose to the weapon's cuwwent facing. The awc awways hits.,,,,,19.25
Wift Wance,riftlance,3,,30000,600,1000,,,0,20,9,,,,ENERGY,,1000,0.125,0.25,0.5,2,,,,,3200,,,,,,,,"energy11, beam10, omega, restricted, codex_unlockable",,Unknown,,Genewaw,,,,,,,,,,29.1
Wift Wance Minewayew,riftlance_minelayer,0,,,,,500,,25,,,,,,ENERGY,0,,,,1,,,,,,,0,0,20,1000,,,SYSTEM,,,Unknown,,,,,,,,,,,,38.5
Wift Beam,riftbeam,3,,100000,600,150,,,0,100,10,,,,ENERGY,,75,0.1,0.1,,,,,,,2400,,,,,,,PD,"beam10, pd15, omega, restricted, codex_unlockable",,Unknown,,Point Defense,,,,,"Cweates space-time wifts awong the beam wength, tawgeted at neawby enemy missiwes and fightews. Each wift deaws up to %s enewgy damage to neawby tawgets.",200,,,,21
Wift Beam Minewayew,riftbeam_minelayer,0,,,,,200,,25,,,,,,ENERGY,0,,,,1,,,,,,,0,0,20,1000,,,SYSTEM,,,Unknown,,,,,,,,,,,,38.5
Cwyofwamew,cryoflux,3,,100000,400,,100,,3,60,15,90,6,30,ENERGY,50,,,0.05,2,0.05,0,0,0,0,,500,,,,,,,"energy15, SR, omega, restricted, codex_unlockable",,Unknown,,Genewaw,,,,,,,,,,
Cwyobwastew,cryoblaster,3,,100000,600,,1400,,50,20,16,,,,FRAGMENTATION,500,,0,1,,,0,0,0,0,,750,,,,,,,"energy15, omega, restricted, codex_unlockable",,Unknown,,Genewaw,,,,,,,,,,22.25
Disintegwatow,disintegrator,3,,100000,900,,100,,25,20,14,,,,HIGH_EXPLOSIVE,200,,0,2,3,0.2,4,4,,,,700,,,,,,,"he18, omega, restricted, codex_unlockable",,Unknown,,Anti Awmow,,,,Spwead Pattewn,Each shot deaws an additionaw 1000 damage to awmow ovew 10 seconds. This damage is not weduced by awmow.,1000 | 10,,,,22.25
Wift Cascade Emittew,riftcascade,3,,200000,1000,1000,,,0,7,30,,,,ENERGY,,3000,0.5,1,1,4,,,,,10000,,,,,,,,"energy22, beam17, LR, omega, restricted, codex_unlockable",,Unknown,,Genewaw,,,,,"Cweates space-time wifts on impact. Mowe wifts awe spawned when the beam is fiwed at showt wange. Each wift deaws between %s and %s enewgy damage to neawby tawgets, with successive wifts deawing mowe damage.",750 | 1250,,,,29.1
Wift Cascade Emittew Minewayew,riftcascade_minelayer,0,,,,,1000,,25,,,,,,ENERGY,0,,,,1,,,,,,,0,0,20,1000,,,SYSTEM,,,Unknown,,,,,,,,,,,,38.5
Vowatiwe Pawticwe Dwivew,vpdriver,3,,200000,1000,,150,,10,20,30,30,3,15,KINETIC,100,,0.05,0.05,1,,0,10,1,10,,1000,,,,,,,"kinetic20, omega, restricted, codex_unlockable",,Unknown,,Anti Shiewd,,,,,Shots may wose cohesion and dissowve. %s of the shots weach hawf the maximum wange and %s of the shots weach fuww wange.,100% | 50%,,,,25
Weawity Diswuptow,realitydisruptor,3,,250000,1000,,25,1500,10,5,30,,,,ENERGY,2000,,1,9,,,,,,,,200,0,100,10000,,,,"energy22, LR, omega, restricted, codex_unlockable",,Unknown,,Suppwession,,,,,"Pwojectiwe fiwes EMP awcs at neawby enemy tawgets whiwe twavewing. The damage shown is fow the EMP awcs, the pwojectiwe itsewf does not deaw damage and wiww pass ovew ships. Weapon and engine wepaiws take %s wongew fow %s seconds on affected ships.",2{x} | 10,,,TRUE,25
,,,,,,,,,,,,,,,,,,,,,,,,,,,,,,,,,,,,,,,,,,,,,,,,
Antimattew SWM Waunchew,amsrm,3,,40000,1200,,1000,,15,50,7,3,0.05,,ENERGY,1000,,0,0.5,1,,0,0,0,0,,1000,200,3,250,,,"DO_NOT_AIM, DO_NOT_CONSERVE","utility8, missile9, strike7, omega, restricted, codex_unlockable",,Unknown,,Anti Smaww Cwaft,Extwemewy Fast,Excewwent,,,,,,,TRUE,10
Wesonatow MWM Waunchew,resonatormrm,3,,100000,2500,,250,,15,20,16,8,0.4,4,KINETIC,50,,0,1.25,4,0.25,0,0,0,,,400,200,10,250,,,"DO_NOT_AIM, DO_NOT_CONSERVE","missile15, strike11, omega, restricted, codex_unlockable",,Unknown,,Anti Shiewd,Fast,Excewwent,,,,,,,,12
Wift Towpedo Waunchew,rifttorpedo,3,,500000,2000,,6000,,75,10,30,1,0.05,,ENERGY,3000,,0,1,1,,0,0,0,0,,200,100,15,3000,,,"STRIKE, DO_NOT_AIM","strike20, missile20, omega, restricted, codex_unlockable",,Unknown,,Guided Towpedo,Swow,Excewwent,,,,,,,TRUE,12.5
,,,,,,,,,,,,,,,,,,,,,,,,,,,,,,,,,,,,,,,,,,,,,,,,
# Thweat wewated,,,,,,,,,,,,,,,,,,,,,,,,,,,,,,,,,,,,,,,,,,,,,,,,
Swawm Waunchew,swarm_launcher,0,,30000,1,,1,1,0,0,20,30,,,FRAGMENTATION,0,,0.25,1.25,,,0,0,0,0,,1,1,0.1,1,,,"DO_NOT_AIM, NO_MANUAL_FIRE","threat, fragment, restricted, codex_unlockable, no_standard_data, swarm1",,Threat,,Speciaw,,,,,"Wequiwes the %s huwwmod and uses %s fwagments pew swawm waunched. Can contwow up to %s swawms concuwwentwy, but wiww wait to waunch new swawms untiw the existing ones awe depweted.",Fragment Swarm|50|4,This weapon can not be fiwed manuawwy and wiww awways waunch swawms as soon as it is possibwe to do so.,,,14
Seekew Fwagment,seeker_fragment,0,,3000,2000,,600,,,0,3,1,0.2,,HIGH_EXPLOSIVE,,,0.25,0.75,1,,,,,,,300,0,15,500,,,"IMPORTANT, DO_NOT_AIM, RANGE_FROM_SHIP_RADIUS","threat, fragment, restricted, codex_unlockable, missile1",,Threat,,Genewaw,Medium,Excewwent,,,Wequiwes the %s huwwmod and uses %s fwagments pew shot.,Fragment Swarm|10,,,TRUE,15
Kinetic Fwagments,kinetic_fragments,0,,3000,1500,,400,,,0,4,1,0.2,,KINETIC,0,,0.25,0.25,1,,,,,,,400,0,5,300,,,"IMPORTANT, DO_NOT_CONSERVE, DO_NOT_AIM, RANGE_FROM_SHIP_RADIUS","threat, fragment, restricted, codex_unlockable, kinetic1, rocket1",,Threat,,Anti Shiewd,Fast,Speciaw,,,Wequiwes the %s huwwmod and uses %s fwagments pew shot. Secondawy fwagments deaw %s kinetic damage pew impact.,Fragment Swarm|5|100,,,TRUE,15.1
Unstabwe Fwagment,unstable_fragment,0,,3000,500,,750,,,0,2,1,0.5,,FRAGMENTATION,,,0.25,0.75,1,,,,,,,100,0,5,300,,,"PD, ANTI_FTR, DO_NOT_AIM, RANGE_FROM_TARGETING_OVAL","threat, fragment, restricted, codex_unlockable, pd1, rocket1",,Threat,,Anti Fightew (Awea),Vewy Swow,Speciaw,,,Wequiwes the %s huwwmod and uses %s fwagment pew shot. Unguided aftew a bwief initiaw aiming stage.,Fragment Swarm|1,,,TRUE,15.25
Defabwication Swawm,devouring_swarm,0,,3000,2500,,200,,,0,3,9,0.2,3,HIGH_EXPLOSIVE,,,0.25,0.75,1,,,,,0,,250,,20,1000,,,"STRIKE, USE_VS_FRIGATES, DO_NOT_AIM, CONSERVE_ALL, CONSERVE_FOR_ANTI_ARMOR, DIRECT_AIM, MISSILE_SPREAD, RANGE_FROM_SHIP_RADIUS, USE_LESS_VS_SHIELDS","threat, fragment, restricted, codex_unlockable, he1",,Threat,,Anti Awmow,Medium,Excewwent,,,Wequiwes the %s huwwmod and at weast %s fwagments pew shot. Deaws no damage vs shiewds.,Fragment Swarm|6|50|no damage,"A swawm of fwagments attacks the tawget, eating thwough its awmow and dismantwing the huww once it's exposed, cweating new fwagments that wetuwn to the waunching ship's swawm.",,TRUE,15.5
Vowtaic Dischawge,voltaic_discharge,0,,2000,500,,25,50,0,0,5,20,2,20,ENERGY,25,,0,0.2,1,,,,,,,10000,,,,,360,"PD, DO_NOT_AIM, RANGE_FROM_TARGETING_OVAL","threat, fragment, fragment_glow, restricted, codex_unlockable, pd1, energy7",,Threat,,Point Defense,,,,Pewfect,Wequiwes the %s huwwmod and at weast %s active fwagments. Fiwes a bawwage of EMP awcs at neawby tawgets. The awcs awways hit.,Fragment Swarm|10,,,,16
Neutwon Towpedo,neutron_torpedo,0,,4000,1200,,2500,,75,10,3,2,,,KINETIC,0,,0,10,1,,,,,,,300,,6,1000,,,STRIKE,"threat, restricted, codex_unlockable, strike6, rocket2, reload_3pt",,Threat,,Anti Shiewd Towpedo,Medium,Wimited,,,,,,,TRUE,17
Wight Mass Dwivew,light_mass_driver,0,,3000,700,,90,,10,30,10,,,,KINETIC,60,,0,0.6,1,,,,,,,900,,,,,,,"threat, restricted, codex_unlockable, kinetic8, LR",,Threat,,Anti Shiewd,,,,,,,,,,17.5
Heavy Mass Dwivew,heavy_mass_driver,0,,6000,800,,200,,40,15,15,,,,KINETIC,140,,0,1,1,,,,,,,900,,,,,,,"threat, restricted, codex_unlockable, kinetic14, LR",,Threat,,Anti Shiewd,,,,,,,,,,18
Neofewwic Quadcoiw,neoferric_quadcoil,0,,10000,900,,200,,10,30,20,,,,HIGH_EXPLOSIVE,200,,0,4.3,8,0.1,,,,,,900,,,,,,,"threat, restricted, codex_unlockable, he17",,Threat,,Anti Awmow,,,,,,,,,,18.5
Vowtaic Cannon,voltaic_cannon,0,,5000,800,,300,500,0,50,3,2,0.01667,1,ENERGY,500,,0.5,0,,,,,,,,300,,,,,,"STRIKE, USE_LESS_VS_SHIELDS","threat, restricted, codex_unlockable, energy7, strike3",,Threat,,Suppwession,,,,,Hits on huww ow awmow genewate a wawge numbew of EMP awcs. Hits on shiewds have a chance to genewate shiewd-penetwating EMP awcs based on the tawget's hawd fwux wevew.,,,,,19
Voidbwastew,voidblaster,,,7000,700,,300,,0,15,16,12,0.5,4,HIGH_EXPLOSIVE,200,,0,0.25,,,10,10,0,10,,5000,,,,,,,"threat, restricted, codex_unlockable, he12",,Threat,,Anti Awmow,,,,,"Deaws %s damage to shiewds, despite not being a beam weapon.",soft flux,,,,19.5
,,,,,,,,,,,,,,,,,,,,,,,,,,,,,,,,,,,,,,,,,,,,,,,,
# Shwouded Dwewwew wewated,,,,,,,,,,,,,,,,,,,,,,,,,,,,,,,,,,,,,,,,,,,,,,,,
Pseudopawticwe Jet,pseudoparticle_jet,3,,10000,600,,25,,3,40,22,,,,KINETIC,30,,,0.05,6,0.05,0,0,0,0,,400,,,,,,,"monster, dweller, restricted, codex_unlockable, kinetic15, SR, no_drop, substrate_2",,Shrouded Dweller,,Anti Shiewd,,,,,,,,,,20
Hungewing Wift,assaying_rift,3,,10000,2000,,600,,,180,18,,,,ENERGY,600,,0,2,1,,0,0,0,0,,200,400,14,800,,,DO_NOT_AIM,"monster, dweller, restricted, codex_unlockable, pd10, missile10, no_drop, substrate_2",,Shrouded Dweller,,Genewaw,Swow,Excewwent,,,"When impacting huww ow awmow, heaws one of the Shwouded Dwewwew pwojections on the battwefiewd fow 1000 points.",1000,A poowwy undewstood pwopewty inhewent to space-time inhibits the fowmation of mowe than 10 totaw active wifts fow aww weapons on the battwefiewd. This wimitation does not appwy to the Shwouded Dwewwew.,10,,20.5
Wift Wightning,rift_lightning,3,,15000,600,,500,1000,0,50,20,,,,ENERGY,500,,0,2,,,,,,,,1000000,,,,,,"PD,PD_ALSO","monster, dweller, restricted, codex_unlockable, pd15, energy19, no_drop, substrate_3",,Shrouded Dweller,,Genewaw,,,,Pewfect,"Fiwes an EMP awc at the tawget and opens a wift that deaws damage in an awea awound the point of impact. The awc may miss depending on exactwy whewe the weapon is pointing, and can pass ovew fwiendwy ships.",,,,,20.75
Wift Wightning Minewayew,rift_lightning_minelayer,0,,,,,500,1000,0,,,,,,ENERGY,0,,,,1,,,,,,,0,0,20,1000,,,SYSTEM,"restricted, no_drop",,Shrouded Dweller,,,,,,,,,,,,21
Abyssaw Gwawe,abyssal_glare,3,,25000,800,500,,1000,0,7,30,,,,ENERGY,,500,0.1,0.1,,,,,,,6000,,,,,,,,"monster, dweller, restricted, codex_unlockable, beam21, no_drop, substrate_5",,Shrouded Dweller,,Genewaw,,,,,"Pwoduces expwosions that deaw up to 100 points of enewgy damage to aww neawby tawgets, incwuding the one being hit by the beam.",100 | energy,,,,22
Inimicaw Emanation,inimical_emanation,3,,5000,500,,100,500,0,120,10,,,,ENERGY,175,,0,1,1,,,,,,,10000,,,,,25,PD,"monster, dweller, restricted, codex_unlockable, pd14, no_drop, substrate_1",,Shrouded Dweller,,Suppwession / Point Defense,,,,Pewfect,Fiwes at the neawest tawget cwose to the weapon's cuwwent facing. Abwe to tawget phased ships. Awways hits and tawgets weapons and engines on ships. Hits on huww ow awmow cause weapon and engine wepaiws to take %s wongew fow %s seconds.,2{x} | 5,,,,22.1
Chuwning Wocus,vortex_launcher,0,,100000,3000,,0,0,0,0,50,2,0.1,,FRAGMENTATION,0,,0,3,,,0,0,0,0,,1,1,0.1,1,,,"DO_NOT_AIM, NO_MANUAL_FIRE","monster, dweller, restricted, codex_unlockable, no_drop, no_standard_data",,Shrouded Dweller,,Speciaw,,,,,"Waunches a Shwouded Vowtex, which wiww twy to seek out and battew neawby tawgets and wiww eventuawwy expwode, deawing up to 2000 points of enewgy damage in an awea.",Shrouded Vortex | 2000 | energy,,,,22.2
,,,,,,,,,,,,,,,,,,,,,,,,,,,,,,,,,,,,,,,,,,,,,,,,
,,,,,,,,,,,,,,,,,,,,,,,,,,,,,,,,,,,,,,,,,,,,,,,,
,,,,,,,,,,,,,,,,,,,,,,,,,,,,,,,,,,,,,,,,,,,,,,,,31
,,,,,,,,,,,,,,,,,,,,,,,,,,,,,,,,,,,,,,,,,,,,,,,,32
Intewdictow Beam,interdictorbeam,2,,1000,700,0,,,100,15,5,,,,ENERGY,,100,0.5,1,,,,,,,2400,,,,,,,SYSTEM,,,,,,,,,,,,,,,33
,,,,,,,,,,,,,,,,,,,,,,,,,,,,,,,,,,,,,,,,,,,,,,,,34
,,,,,,,,,,,,,,,,,,,,,,,,,,,,,,,,,,,,,,,,,,,,,,,,35
Canistew Fwak,canister_flak,,,,200,,200,,,,,,0,,HIGH_EXPLOSIVE,0,0,0,0.1,5,0.5,150,150,0,0,,50,200,2,100,,,SYSTEM,,,,,,,,,,,,,,,35.5
Fwawe Waunchew 1,flarelauncher1,,,,400,,10,100,,,,,0,,ENERGY,0,0,0,0.1,10,0.1,60,60,0,0,,150,300,3,1,,,SYSTEM,,,,,,,,,,,,,,,36
Decoy Fwawe Waunchew,flarelauncher2,,,,200,,10,0,,,,,0,,ENERGY,0,0,0,0.1,3,0.4,30,30,0,0,,200,100,5,500,,,SYSTEM,,,,,,,,,,,,,,,37
Decoy Fwawe Waunchew (Singwe),flarelauncher21,,,,200,,10,0,,,,,0,,ENERGY,0,0,0,0.1,1,,30,30,0,0,,200,100,5,500,,,SYSTEM,,,,,,,,,,,,,,,37
Seekew Fwawe Waunchew,flarelauncher3,,,,500,,10,400,,,,,0,,ENERGY,0,0,0,0.1,3,0.1,90,90,0,0,,400,200,7,1,,,SYSTEM,,,,,,,,,,,,,,,38
Mote Waunchew,motelauncher,,,,500,,1,1500,,,,,0,,ENERGY,0,0,0,0.1,1,,30,30,0,0,,400,200,10000,500,,,SYSTEM,,,,,,,,,,,,,,,38.25
Mote Waunchew,motelauncher_hf,,,,500,,300,1500,,,,,0,,ENERGY,0,0,0,0.1,1,,30,30,0,0,,400,200,10000,500,,,SYSTEM,,,,,,,,,,,,,,,38.26
Minewayew,minelayer1,0,,200000,1000,,2000,,25,30,12,30,,,HIGH_EXPLOSIVE,0,,0,3,1,,0,0,0,0,,50,50,20,500,,,SYSTEM,,,,,,,,,,,,,,,38.5
Heavy Minewayew,minelayer2,0,,200000,1000,,2000,,25,30,12,30,,,HIGH_EXPLOSIVE,0,,0,3,1,,0,0,0,0,,50,50,20,500,,,SYSTEM,,,,,,,,,,,,,,,38.7
Owion Device Bomb Waunchew,od_bomblauncher,0,,200000,1000,,500,,25,30,12,30,,,HIGH_EXPLOSIVE,0,,0,3,1,,0,0,0,0,,50,50,1,10000,,,SYSTEM,,,,,,,,,,,,,,,38.8
Nova Buwst Bomb Waunchew,nb_bomblauncher,0,,200000,1000,,500,,25,30,12,30,,,ENERGY,0,,0,3,1,,0,0,0,0,,50,50,1,10000,,,SYSTEM,,,,,,,,,,,,,,,38.9
,,,,,,,,,,,,,,,,,,,,,,,,,,,,,,,,,,,,,,,,,,,,,,,,
Thewmaw Puwse Cannon,tpc,0,,100000,1000,,250,,0,0,,20,1,,ENERGY,150,,0,0.2,1,,0,10,2,5,,1000,,,,,,"SYSTEM,SHOW_IN_CODEX",,TPC_only,,,Genewaw,,,,,,,,,,40
Heavy Adjudicatow,heavy_adjudicator,1,,100000,800,,800,,,0,40,20,0.5,5,FRAGMENTATION,100,,0,0.333333,1,,0,5,3,5,,1200,,,,,3,"SYSTEM,SHOW_IN_CODEX,PD,PD_ALSO",codex_unlockable,H_A_only,Domain Restricted,,Anti Awmow (Awea),,,,,"Each sheww has a pwoximity fuse and deaws damage ovew a wide awea when it expwodes.

Wiww tawget missiwes if no othew tawgets awe in wange.",,,,,40.5
Tewminatow Missiwe Convewsion,terminator_missile,3,,0,1500,,1200,600,200,0,0,1,,,ENERGY,0,,0,1,1,,0,0,0,0,,400,0,10,100000,,,"DIRECT_AIM, SYSTEM",restricted,,,,Missiwe,Fast,Medium,,,,,,,TRUE,41
,,,,,,,,,,,,,,,,,,,,,,,,,,,,,,,,,,,,,,,,,,,,,,,,42
Pushew Pwate (Wow Tech),pusherplate_lt,,,,,,,,,,,,,,,,,,,,,,,,,,,,,,,,SYSTEM,pusherplate,,,,,,,,,,,,,,42.5
"Pushew Pwate (Wow Tech, Smaww)",pusherplate_lt_small,,,,,,,,,,,,,,,,,,,,,,,,,,,,,,,,SYSTEM,pusherplate,,,,,,,,,,,,,,42.75
"Pushew Pwate (Wemnant, Nova)",pusherplate_nova,,,,,,,,,,,,,,,,,,,,,,,,,,,,,,,,SYSTEM,pusherplate,,,,,,,,,,,,,,42.8
Sensow Dish,sensordish,,,,,,,,,,,,,,,,,,,,,,,,,,,,,,,,SYSTEM,,,,,,,,,,,,,,,43
Widaw Dish,lidardish,0,,1,0,100,,,0,200,0,1000,1000,,ENERGY,,0,0.2,0.2,0.35,0,,,,,1000000,,,,,,,SYSTEM,lidar,,,,Speciaw,,,,,,,,,,43.5
Nova Wasew,novalaser,0,,1,55,1,,,0,200,0,,,,ENERGY,,0,0.1,0.1,,,,,,,1000000,,,,,,,SYSTEM,"nova, fixed_range",,,,Speciaw,,,,,,,,,,43.75
Bwinkew Wed,blinker_red,,,,,,,,,,,,,,,,,,,,,,,,,,,,,,,,SYSTEM,,,,,,,,,,,,,,,44
Bwinkew Gween,blinker_green,,,,,,,,,,,,,,,,,,,,,,,,,,,,,,,,SYSTEM,,,,,,,,,,,,,,,45
Wights - Buffawo,lights_buffalo,,,,,,,,,,,,,,,,,,,,,,,,,,,,,,,,SYSTEM,,,,,,,,,,,,,,,46
Wights - Hound,lights_hound,,,,,,,,,,,,,,,,,,,,,,,,,,,,,,,,SYSTEM,,,,,,,,,,,,,,,47
,,,,,,,,,,,,,,,,,,,,,,,,,,,,,,,,,,,,,,,,,,,,,,,,48
Tawgeting Wasew - Wed,targetinglaser1,0,,1,0,1,,,0,200,0,1000,1000,,ENERGY,,0,0.05,0.05,0.1,0.05,,,,,1000000,,,,,,,SYSTEM,,,,,Speciaw,,,,,,,,,,49
Tawgeting Wasew - Gween,targetinglaser2,0,,1,0,1,,,0,200,0,1000,1000,,ENERGY,,0,0.05,0.05,0.1,0.05,,,,,1000000,,,,,,,SYSTEM,,,,,Speciaw,,,,,,,,,,50
Tawgeting Wasew - Doubwe Wed Continuous,targetinglaser3,0,,1,0,100,,,0,200,0,,,,ENERGY,,0,0.05,0.05,,,,,,,1000000,,,,,,,SYSTEM,,,,,Speciaw,,,,,,,,,,51
,,,,,,,,,,,,,,,,,,,,,,,,,,,,,,,,,,,,,,,,,,,,,,,,52
,,,,,,,,,,,,,,,,,,,,,,,,,,,,,,,,,,,,,,,,,,,,,,,,53
,,,,,,,,,,,,,,,,,,,,,,,,,,,,,,,,,,,,,,,,,,,,,,,,54
,,,,,,,,,,,,,,,,,,,,,,,,,,,,,,,,,,,,,,,,,,,,,,,,55
,,,,,,,,,,,,,,,,,,,,,,,,,,,,,,,,,,,,,,,,,,,,,,,,56
,,,,,,,,,,,,,,,,,,,,,,,,,,,,,,,,,,,,,,,,,,,,,,,,57
,,,,,,,,,,,,,,,,,,,,,,,,,,,,,,,,,,,,,,,,,,,,,,,,58
,,,,,,,,,,,,,,,,,,,,,,,,,,,,,,,,,,,,,,,,,,,,,,,,59
,,,,,,,,,,,,,,,,,,,,,,,,,,,,,,,,,,,,,,,,,,,,,,,,60
,,,,,,,,,,,,,,,,,,,,,,,,,,,,,,,,,,,,,,,,,,,,,,,,61
,,,,,,,,,,,,,,,,,,,,,,,,,,,,,,,,,,,,,,,,,,,,,,,,62
,,,,,,,,,,,,,,,,,,,,,,,,,,,,,,,,,,,,,,,,,,,,,,,,63
,,,,,,,,,,,,,,,,,,,,,,,,,,,,,,,,,,,,,,,,,,,,,,,,64
,,,,,,,,,,,,,,,,,,,,,,,,,,,,,,,,,,,,,,,,,,,,,,,,65
,,,,,,,,,,,,,,,,,,,,,,,,,,,,,,,,,,,,,,,,,,,,,,,,66
,,,,,,,,,,,,,,,,,,,,,,,,,,,,,,,,,,,,,,,,,,,,,,,,67
,,,,,,,,,,,,,,,,,,,,,,,,,,,,,,,,,,,,,,,,,,,,,,,,68
,,,,,,,,,,,,,,,,,,,,,,,,,,,,,,,,,,,,,,,,,,,,,,,,69
,,,,,,,,,,,,,,,,,,,,,,,,,,,,,,,,,,,,,,,,,,,,,,,,70
,,,,,,,,,,,,,,,,,,,,,,,,,,,,,,,,,,,,,,,,,,,,,,,,71
,,,,,,,,,,,,,,,,,,,,,,,,,,,,,,,,,,,,,,,,,,,,,,,,72
,,,,,,,,,,,,,,,,,,,,,,,,,,,,,,,,,,,,,,,,,,,,,,,,73